Equivalencia1;Equivalencia2;Equivalencia3;Equivalencia4;Equivalencia5;Equivalencia6;Equivalencia7;Equivalencia8;Equivalencia9;Equivalencia10;Equivalencia11;Equivalencia12;Equivalencia13;Equivalencia14;Equivalencia15;Equivalencia16;Equivalencia17;Equivalencia18;Equivalencia19;Equivalencia20;Resultado ICF;resultadoCalculado
0.889838602;0.806344235;0.696479549;0.623971569;0.176183168;0.636623853;0.220877303;0.34189009;0.581329151;0.385227278;0.320338843;0.754329832;0.234135143;0.793752143;0.089979143;0.003950862;0.455293655;0.216610403;0.503996079;0.216937222;0.447404406;0.447404
0.826618234;0.347013432;0.349109291;0.50123858;0.537466981;0.291911871;0.947437402;0.595950665;0.890057188;0.606703753;0.053278174;0.872592518;0.22621766;0.617551414;0.028402997;0.967084356;0.214785973;0.13971623;0.203323597;0.069474396;0.464296736;0.464297
0.224652337;0.87575435;0.846200757;0.794180068;0.317740181;0.490774425;0.814066545;0.404420365;0.576262404;0.353990321;0.209028089;0.165485351;0.033399885;0.320431547;0.024603766;0.93658891;0.391713844;0.060812207;0.309936719;0.226118298;0.418808018;0.418808
0.104799667;0.49429921;0.955587418;0.510429222;0.072630388;0.706428428;0.669118733;0.591516709;0.486236226;0.453267652;0.452405738;0.289110123;0.683071297;0.83085325;0.194376363;0.467970402;0.542329375;0.278798659;0.703139225;0.180067898;0.483321799;0.483322
0.47791497;0.396421674;0.467887238;0.957109384;0.365896077;0.451632356;0.583900195;0.107146777;0.714690344;0.966955042;0.306023481;0.333627395;0.428252795;0.799828384;0.417734624;0.675508417;0.114758192;0.563033631;0.112440732;0.472685035;0.485672337;0.485672
0.732728923;0.196162872;0.161569362;0.375908962;0.256442254;0.301757668;0.806705078;0.41254649;0.849986017;0.74311259;0.538256999;0.068625999;0.625056574;0.57276261;0.158508886;0.890922332;0.733883143;0.594634512;0.740823992;0.340442055;0.505041866;0.505042
0.730985098;0.834239449;0.983396049;0.272639906;0.913611213;0.944330113;0.939293258;0.078590502;0.297121423;0.407413878;0.69759095;0.507069112;0.77054334;0.941915236;0.501968472;0.34571419;0.354893451;0.484794208;0.410733279;0.24834523;0.583259418;0.583259
0.024124365;0.024848007;0.514906903;0.841324459;0.842223888;0.050747115;0.899030918;0.385037487;0.149297249;0.541082599;0.414933257;0.063837939;0.063563446;0.226666393;0.178734224;0.741888816;0.092891198;0.489017225;0.801787388;0.139133591;0.374253823;0.374254
0.622734243;0.10329893;0.739505748;0.633289838;0.112302129;0.882691758;0.608810736;0.406486553;0.367217994;0.230762922;0.998286393;0.472381546;0.035128727;0.851429442;0.478939574;0.501123391;0.203347226;0.769637654;0.841111981;0.869153529;0.536382016;0.536382
0.32663332;0.112560227;0.065519378;0.1177468;0.676775148;0.778020214;0.515303582;0.634583727;0.397409242;0.596242211;0.032407744;0.429674826;0.349554236;0.064546971;0.0055837;0.938718239;0.242867147;0.561772562;0.303269511;0.718874926;0.393403185;0.393403
0.125784303;0.133232352;0.566322703;0.406505313;0.477349622;0.684445851;0.010844833;0.662480199;0.04859111;0.57130013;0.151643088;0.579150785;0.321789351;0.915994262;0.687551127;0.038268556;0.303929014;0.694457465;0.383118415;0.119023722;0.39408911;0.394089
0.803632382;0.292619545;0.700850084;0.727941378;0.886245127;0.842768695;0.78353509;0.441846374;0.965909878;0.219862914;0.297795859;0.798783724;0.456954133;0.288134112;0.943131777;0.548374564;0.49610583;0.047303982;0.647561876;0.994082753;0.609172004;0.609172
0.715502666;0.125149672;0.019561771;0.48479106;0.02618451;0.580322188;0.133980477;0.043867555;0.449694365;0.422264175;0.054903269;0.695706147;0.487244955;0.266819786;0.874507714;0.220687243;0.146458147;0.047604549;0.021532442;0.310933487;0.306385809;0.306386
0.646851186;0.316298855;0.835608799;0.287478952;0.759366945;0.577856648;0.937232754;0.490955667;0.562371856;0.884209895;0.658550903;0.037636499;0.577353622;0.563116502;0.16867728;0.376709477;0.001883018;0.120264008;0.824328338;0.52509043;0.507592082;0.507592
0.505150117;0.214870924;0.615925054;0.433133531;0.54619245;0.581329142;0.451367468;0.61412799;0.486829136;0.13778446;0.303868533;0.094835341;0.877784924;0.216862034;0.305329981;0.352537122;0.932491488;0.39631792;0.879728471;0.374113018;0.466028955;0.466029
0.173963615;0.878447526;0.026412734;0.938984305;0.079268278;0.663997981;0.680338451;0.834429416;0.835646057;0.207661268;0.321409836;0.653593483;0.341191965;0.71035457;0.030484199;0.598673372;0.272053746;0.999785995;0.451499769;0.56421388;0.513120522;0.513121
0.049655458;0.663010303;0.03902718;0.342657932;0.255406344;0.663066206;0.13795333;0.667392154;0.261552694;0.313051175;0.45932394;0.180921183;0.783004959;0.821314693;0.540745203;0.073214737;0.791709479;0.406595428;0.651404133;0.029240803;0.406512367;0.406512
0.002804646;0.410047266;0.040886724;0.41813659;0.495655756;0.17810349;0.364667835;0.792701827;0.058257712;0.972850023;0.389653881;0.44633404;0.592024881;0.13146733;0.301747674;0.962001508;0.273125902;0.09770706;0.967130422;0.416115372;0.415570997;0.415571
0.961283532;0.850632934;0.50418398;0.575672765;0.493113849;0.419201411;0.925488573;0.483091185;0.198323638;0.282965654;0.619529231;0.591376773;0.482709504;0.200941723;0.364579882;0.785018408;0.370312119;0.14546673;0.680367202;0.476803223;0.520553116;0.520553
0.237326858;0.749210277;0.212977015;0.388760476;0.573406724;0.728354709;0.813555319;0.37729344;0.505996653;0.127277926;0.130144929;0.185128417;0.556638354;0.560836528;0.639712809;0.968702822;0.815262504;0.854644793;0.848190952;0.575139596;0.542428055;0.542428
0.442096488;0.422746784;0.010342941;0.48303592;0.234404063;0.680122597;0.968590441;0.757293104;0.817313526;0.84457531;0.064090254;0.880699507;0.776543032;0.360517048;0.753599685;0.142521916;0.75067382;0.247333563;0.030802338;0.646428681;0.515686551;0.515687
0.110710287;0.941935814;0.728721324;0.596345711;0.071575157;0.573667472;0.196197093;0.115993857;0.280471285;0.402885117;0.830310997;0.801154658;0.399730538;0.140095383;0.279854129;0.548313713;0.691573367;0.597531792;0.138509863;0.432019645;0.44387986;0.443880
0.804786171;0.531821847;0.769832067;0.677058864;0.014022665;0.024772826;0.148427355;0.213594319;0.461469957;0.869000712;0.633697602;0.190750273;0.470912932;0.977203427;0.123420211;0.421520225;0.757072945;0.347311561;0.760923288;0.29259831;0.474509878;0.474510
0.941613315;0.017952726;0.166579515;0.749001499;0.407815194;0.59689568;0.289915419;0.538773208;0.901765461;0.468482027;0.197654955;0.773492555;0.289369309;0.48413722;0.084437723;0.148933415;0.898039178;0.491476249;0.483399224;0.408252731;0.46689933;0.466899
0.802111282;0.962962113;0.125621568;0.466618719;0.72826008;0.578084058;0.476951141;0.882603263;0.15428012;0.092919799;0.392314853;0.610872872;0.700953834;0.207073622;0.216324642;0.049965117;0.190855324;0.572856471;0.230787955;0.368186307;0.440530157;0.440530
0.665592;0.283503016;0.931701728;0.513950383;0.869240207;0.79678595;0.55644949;0.468498898;0.280604611;0.000753031;0.490779049;0.130932164;0.332291697;0.471874822;0.764987617;0.805206028;0.443733397;0.676228883;0.473836078;0.128130182;0.504253961;0.504254
0.632676954;0.434108431;0.642662259;0.223855689;0.814412535;0.489279476;0.283550743;0.068783652;0.420844934;0.474065591;0.718699791;0.038982966;0.697020376;0.207979016;0.920555318;0.584494618;0.871277702;0.55073491;0.084534451;0.184674927;0.467159717;0.467160
0.601244864;0.829408139;0.344544544;0.354378095;0.669010763;0.359125115;0.784492066;0.829614291;0.883227429;0.565495484;0.858479214;0.633469825;0.975861505;0.420379519;0.153484999;0.112287535;0.789084982;0.699408754;0.974389398;0.261354181;0.604937035;0.604937
0.479761853;0.135213757;0.787314792;0.824508757;0.390750341;0.913997892;0.376798345;0.366610491;0.232652149;0.892211804;0.333135582;0.916372694;0.49750318;0.026620309;0.982993833;0.050519124;0.771486182;0.176151712;0.276053012;0.178171395;0.48044136;0.480441
0.682163264;0.219581196;0.063754776;0.118967104;0.550355642;0.352362502;0.716843528;0.108410793;0.104214697;0.759677801;0.049888952;0.286408047;0.959333108;0.683259869;0.469970774;0.213876209;0.0168889;0.996290257;0.030029978;0.870763196;0.41265203;0.412652
0.444186974;0.485032846;0.09051516;0.056585244;0.994190149;0.141222021;0.471816128;0.921108636;0.818944142;0.601724283;0.339389295;0.051504358;0.313506835;0.306388483;0.1380967;0.955051842;0.516075541;0.381115439;0.292454578;0.224766611;0.427183763;0.427184
0.903318226;0.872655478;0.46358878;0.018037704;0.009019596;0.225450094;0.688726701;0.215705447;0.137430293;0.790840121;0.340220196;0.265438709;0.890604384;0.334185886;0.587844683;0.578635426;0.057008669;0.99831795;0.476239926;0.012746331;0.44330073;0.443301
0.467951507;0.295955536;0.16611918;0.881115416;0.452538152;0.602188093;0.504725403;0.191558903;0.995753853;0.486808247;0.024349281;0.103331424;0.011546909;0.814918567;0.70895534;0.77033378;0.355334336;0.224571236;0.908717508;0.054525105;0.451064889;0.451065
0.447856549;0.728294346;0.740206566;0.50834154;0.730881004;0.073260967;0.248914691;0.724908548;0.70980527;0.715610284;0.925778643;0.81561179;0.519315628;0.20873724;0.798641051;0.772986593;0.694197814;0.037097762;0.607748056;0.063079521;0.553563693;0.553564
0.365296085;0.197829501;0.44485124;0.042660608;0.502310492;0.820080988;0.198898466;0.219796668;0.296707206;0.733197563;0.79744569;0.294428009;0.367042454;0.84427778;0.086044064;0.579963877;0.861856572;0.630900796;0.720085179;0.966277685;0.498497546;0.498498
0.789643461;0.617513478;0.723298841;0.352956401;0.045652124;0.085216476;0.697467792;0.647591266;0.331468202;0.088955389;0.436315076;0.257158989;0.416229911;0.731943283;0.517574229;0.612769326;0.620736209;0.236929681;0.33345403;0.272385518;0.440762984;0.440763
0.402063669;0.500920316;0.568223166;0.764728591;0.481995597;0.832455869;0.87080527;0.079587462;0.49471734;0.460759164;0.749891999;0.906103679;0.001337674;0.717140899;0.977259099;0.041821776;0.511017307;0.341663141;0.389538435;0.38010295;0.52360667;0.523607
0.857369975;0.52386987;0.080014832;0.991689052;0.924573262;0.641448128;0.527675269;0.187411112;0.641629721;0.429234845;0.612525915;0.263978643;0.902153979;0.110698781;0.935437256;0.365241716;0.326534161;0.729127053;0.072112338;0.083025239;0.510287557;0.510288
0.140728434;0.95451286;0.269149534;0.053758016;0.464238042;0.077622205;0.915220071;0.001400379;0.288625861;0.844809984;0.14118048;0.977824594;0.845473181;0.633160877;0.385409983;0.237262873;0.464790712;0.518791572;0.555961923;0.866334145;0.481812786;0.481813
0.574166495;0.474414236;0.116148034;0.356897189;0.438563049;0.807549814;0.707887432;0.4230888;0.427511007;0.202857738;0.179606825;0.522371342;0.833761232;0.665830043;0.180022492;0.987272448;0.557909962;0.619917245;0.313988849;0.716236657;0.505300044;0.505300
0.011604565;0.058058531;0.658774503;0.946788421;0.898485373;0.551159436;0.376748723;0.767349722;0.600393028;0.915205237;0.086770152;0.510104119;0.708648602;0.61494459;0.457685254;0.161820206;0.403482723;0.212516614;0.381830015;0.839062481;0.508071615;0.508072
0.571727528;0.678999753;0.877720588;0.916409121;0.931307494;0.581345552;0.810030121;0.241129476;0.115542003;0.968099273;0.944237345;0.129791606;0.6742832;0.05440221;0.858595023;0.240533562;0.096155804;0.823119323;0.786066388;0.024230939;0.566186315;0.566186
0.255961467;0.742295644;0.564481762;0.74041801;0.15864629;0.505102393;0.473961245;0.087434966;0.961892847;0.411290447;0.879440671;0.33679472;0.165687661;0.097903454;0.23844584;0.234308724;0.19953869;0.364147509;0.688737032;0.866870826;0.44866801;0.448668
0.793117569;0.182869819;0.163941245;0.379020506;0.17490915;0.775178267;0.389050979;0.840956505;0.374192833;0.387587115;0.893293863;0.209210488;0.579863812;0.531945136;0.072335838;0.494713722;0.968495053;0.363989488;0.071472579;0.393880205;0.452001209;0.452001
0.967793832;0.658985037;0.558540806;0.488187036;0.821497922;0.418095543;0.386207127;0.900523192;0.082667866;0.28539523;0.766469101;0.34944353;0.062320813;0.928416406;0.422194724;0.338725152;0.499782399;0.586982834;0.315052724;0.901819144;0.536955021;0.536955
0.735283025;0.45381863;0.737356353;0.918648838;0.582161209;0.28945161;0.937854672;0.344267386;0.200371354;0.925097817;0.435657781;0.389988488;0.705606192;0.377815573;0.532382856;0.6929414;0.386079328;0.901830113;0.67612167;0.950201108;0.60864677;0.608647
0.789988252;0.045980651;0.209314361;0.107748292;0.365070369;0.0399997;0.04446387;0.224379313;0.295721303;0.956541476;0.143429573;0.464292399;0.273676978;0.069111219;0.914386562;0.235125271;0.860631523;0.079993721;0.496121386;0.269875298;0.344292576;0.344293
0.084524972;0.978932313;0.884251651;0.555627231;0.044462456;0.549100343;0.602668351;0.53492177;0.249701348;0.320361602;0.518778842;0.290713424;0.973127845;0.480980863;0.449839266;0.634010163;0.318279172;0.868825663;0.06550456;0.171193293;0.478790256;0.478790
0.308387575;0.820158352;0.315470613;0.414304681;0.993327035;0.284595291;0.512725398;0.472708888;0.521462711;0.285407337;0.299953944;0.260452261;0.625633046;0.049715938;0.591921232;0.677047959;0.609971135;0.397351526;0.75544793;0.40321884;0.479963085;0.479963
0.798883427;0.881526861;0.916038584;0.194922455;0.379847519;0.925733955;0.997040087;0.277904369;0.5586961;0.618104728;0.355540324;0.608018516;0.638703316;0.473795346;0.46046072;0.092405499;0.396005494;0.166095941;0.170715015;0.588693708;0.524956598;0.524957
0.056939817;0.088284152;0.234351868;0.2845532;0.372554929;0.862305161;0.042172584;0.529894539;0.542358621;0.206106818;0.572614969;0.175084125;0.920246059;0.792927873;0.121283326;0.374164976;0.071709744;0.643820756;0.057869334;0.288879238;0.361906104;0.361906
0.438710335;0.67111785;0.253743578;0.224111259;0.374814016;0.434735024;0.360158125;0.790932801;0.429304049;0.105659251;0.915070933;0.271977502;0.993860038;0.412445261;0.500972516;0.144706274;0.743900003;0.872855603;0.659888168;0.655707643;0.512733511;0.512734
0.238353137;0.536628063;0.515323814;0.800117615;0.138314391;0.483755641;0.087130582;0.612603027;0.137024566;0.579937687;0.420218395;0.801830195;0.869496866;0.569401564;0.480196446;0.205023306;0.848771381;0.152484562;0.329269602;0.486627797;0.464625432;0.464625
0.622547644;0.008318574;0.706130029;0.026656957;0.826457785;0.132915385;0.222458359;0.010800227;0.048129863;0.23363226;0.90267748;0.67377353;0.335262778;0.865008831;0.699617206;0.855486517;0.025907423;0.870484809;0.40433557;0.966912602;0.471875691;0.471876
0.930613131;0.588884144;0.866351338;0.865358608;0.92028682;0.608903156;0.778973921;0.274403589;0.9528182;0.80582616;0.985003452;0.211177575;0.856736547;0.71081894;0.214792483;0.426063268;0.608028437;0.414155733;0.307698867;0.731422672;0.652915852;0.652916
0.187093365;0.357850609;0.985562111;0.733977725;0.317842134;0.154612654;0.283535866;0.139975819;0.388814182;0.872224225;0.535721837;0.507235156;0.820954204;0.368109487;0.755879504;0.653012141;0.536361765;0.386001655;0.96193407;0.270762649;0.510873058;0.510873
0.838159653;0.914993091;0.306693008;0.279486039;0.238947483;0.85745444;0.641040569;0.578787331;0.608751214;0.299857893;0.183664116;0.685827652;0.228233367;0.250942244;0.853144441;0.062867409;0.255886723;0.271139202;0.146170956;0.01530841;0.425867762;0.425868
0.969343687;0.850641615;0.811739415;0.237213015;0.646215482;0.819838118;0.89439392;0.38769648;0.739932733;0.755895814;0.335616791;0.801238337;0.450900607;0.699832654;0.264688628;0.48491635;0.832093197;0.913263106;0.56882181;0.574847754;0.651956476;0.651956
0.373534302;0.1242485;0.017002405;0.776448393;0.968055828;0.905500393;0.065694967;0.46968184;0.807133501;0.860595839;0.187552248;0.334869958;0.481580949;0.06925482;0.293224265;0.064175804;0.075821408;0.254268289;0.48697834;0.82944454;0.422253329;0.422253
0.653717166;0.264974367;0.952762906;0.93024019;0.425549618;0.358818801;0.873844894;0.959607178;0.067062972;0.818085827;0.417392758;0.720387262;0.988246774;0.912524637;0.879897953;0.332618664;0.140971362;0.444578017;0.749493602;0.073855074;0.598231501;0.598232
0.918121113;0.869498042;0.633255761;0.741748493;0.891022897;0.170210567;0.611822673;0.688462584;0.302233073;0.728373762;0.221253346;0.352033289;0.50372674;0.156785005;0.448693241;0.15135719;0.329418495;0.867166759;0.624902149;0.472630211;0.534135769;0.534136
0.124389351;0.560370793;0.391795933;0.160657932;0.561986931;0.214472877;0.039371094;0.060670994;0.594104297;0.839594577;0.289299898;0.954362663;0.620876147;0.619601677;0.844694963;0.251392303;0.646945997;0.016283408;0.352400925;0.51517749;0.432922513;0.432923
0.27091211;0.044679122;0.172368012;0.117367584;0.0976258;0.380834092;0.051919588;0.875123976;0.88359947;0.187737012;0.185543715;0.770556167;0.390372869;0.13849236;0.637298651;0.946729122;0.333525107;0.612157485;0.774181739;0.059183372;0.396510367;0.396510
0.937626702;0.529169151;0.157322828;0.536201678;0.425921403;0.347643051;0.496687439;0.001054775;0.94282212;0.660841414;0.244136845;0.283052048;0.89108265;0.362356206;0.2561274;0.084598716;0.473126252;0.948022474;0.228708989;0.753454199;0.477997817;0.477998
0.476269075;0.982403575;0.720494272;0.528342289;0.457846165;0.893648354;0.881258833;0.153363695;0.617346768;0.557375036;0.626758277;0.487480137;0.203114403;0.454196144;0.671400494;0.011770465;0.323344706;0.35885043;0.274744149;0.458193502;0.506910038;0.506910
0.376756385;0.717158277;0.742710148;0.035436094;0.79945858;0.569836988;0.917269478;0.552696809;0.462359929;0.832066505;0.959931827;0.807906272;0.923618193;0.15198856;0.671990895;0.343990514;0.542055931;0.364674492;0.525798179;0.478615261;0.588815966;0.588816
0.434453151;0.823597424;0.033629295;0.198197956;0.830888511;0.552079289;0.732520544;0.811333964;0.74180233;0.599822309;0.375062605;0.013996602;0.424517364;0.888413368;0.32524858;0.180987732;0.562187578;0.69535178;0.06340511;0.627070593;0.495728304;0.495728
0.00068749;0.035456869;0.670469092;0.605637548;0.741224468;0.578454011;0.688462454;0.763687369;0.681650071;0.707382527;0.687255453;0.612430541;0.313765726;0.267037214;0.976985955;0.597928105;0.76786345;0.384750614;0.143314058;0.450582389;0.53375127;0.533751
0.975886122;0.214418858;0.945014641;0.016150667;0.811500897;0.978293574;0.024944016;0.941901245;0.003849081;0.946863754;0.99574358;0.044248927;0.838880599;0.247920941;0.155893097;0.695268801;0.193900955;0.949861321;0.477384262;0.504292614;0.548110898;0.548111
0.252557397;0.896105255;0.021909988;0.397196705;0.926088327;0.395546629;0.553562247;0.708732987;0.175965502;0.388886609;0.710247054;0.890793214;0.646373059;0.087800924;0.586328603;0.567837414;0.871160536;0.388126976;0.064104822;0.55217485;0.504074955;0.504075
0.17518474;0.053952538;0.349899545;0.085672963;0.026265301;0.952569684;0.124523913;0.210568536;0.711853759;0.771147127;0.196441369;0.899803468;0.76591738;0.725223059;0.395067314;0.602271151;0.334294448;0.240145366;0.048612398;0.996287939;0.4332851;0.433285
0.444613688;0.578041924;0.004326732;0.65836899;0.420545789;0.570175416;0.181084037;0.594679184;0.010987781;0.410411809;0.782852658;0.3700775;0.2200722;0.471727951;0.291332732;0.359538288;0.777968814;0.308990644;0.499642636;0.746183515;0.435081114;0.435081
0.802251166;0.142546359;0.684313524;0.179679163;0.606119491;0.458863399;0.537168597;0.616589524;0.659100496;0.897132254;0.998695981;0.918299911;0.576054503;0.069465992;0.197375796;0.298117932;0.334914528;0.087450509;0.336653232;0.683052323;0.504192234;0.504192
0.800792054;0.120416679;0.94346789;0.062200668;0.795142737;0.64193869;0.623989562;0.749584819;0.751263991;0.736291358;0.577697775;0.441991376;0.047870354;0.970106806;0.247032027;0.422604688;0.828922198;0.856003174;0.149320241;0.878074172;0.582235563;0.582236
0.80880939;0.946331397;0.779116632;0.60237633;0.083352706;0.854977101;0.791336697;0.642939214;0.191281826;0.55179197;0.063011817;0.725613879;0.714109488;0.235676183;0.222744168;0.84197539;0.060936567;0.805072648;0.020912216;0.331005299;0.513668546;0.513669
0.333599214;0.009309975;0.357732549;0.47364333;0.257877645;0.904442978;0.872706141;0.528850386;0.576962152;0.230145879;0.938048626;0.13806898;0.41495618;0.938608812;0.964798216;0.093420201;0.532016304;0.185245798;0.614658439;0.258905148;0.481199848;0.481200
0.125435872;0.299088802;0.099246689;0.754695254;0.642660501;0.55046889;0.236041519;0.293604206;0.918278752;0.443949703;0.84650597;0.584268594;0.847052664;0.924905161;0.24618385;0.287525125;0.176070824;0.969557349;0.834696966;0.534420354;0.530732852;0.530733
0.57053531;0.542588909;0.662369195;0.96899495;0.485680695;0.817412922;0.395543772;0.138617774;0.563541162;0.474971355;0.368029647;0.113011606;0.539130928;0.270602399;0.843359484;0.772622479;0.772860532;0.021467636;0.478631629;0.91152104;0.535574671;0.535575
0.44885792;0.2673545;0.111363244;0.309346286;0.985225756;0.084369328;0.197998556;0.48179219;0.666161849;0.35922282;0.894544938;0.467512005;0.354822861;0.670018175;0.221438388;0.83599184;0.031587676;0.845823533;0.908257034;0.511020108;0.48263545;0.482635
0.103818917;0.495267499;0.149364452;0.957766262;0.044395356;0.244207231;0.72136661;0.517348417;0.574979956;0.816383348;0.281673503;0.337377005;0.801661398;0.306018034;0.55653627;0.47229791;0.540352413;0.950592675;0.312237613;0.113521449;0.464858316;0.464858
0.632489026;0.419846572;0.356488778;0.816026447;0.741363787;0.051165622;0.47227258;0.518354976;0.06355777;0.317953972;0.021018637;0.196400436;0.094822032;0.420627821;0.808634505;0.604952063;0.203621609;0.99561495;0.247223148;0.778064141;0.438024944;0.438025
0.056222092;0.794824912;0.513577137;0.453572002;0.730660902;0.113553313;0.285179911;0.391989133;0.306912069;0.165379562;0.649621991;0.930810339;0.005477357;0.394716275;0.859042878;0.355408505;0.854665838;0.695391464;0.614557479;0.888440751;0.503000195;0.503000
0.568664061;0.499935868;0.366806671;0.473703718;0.524634612;0.361925767;0.617829511;0.239372709;0.505320193;0.885079596;0.747151415;0.924726083;0.261903873;0.614243641;0.415759864;0.795268106;0.823601298;0.755597472;0.243508537;0.07286284;0.534894792;0.534895
0.220128683;0.497530001;0.570594777;0.661707557;0.457734145;0.398447786;0.840943945;0.585510392;0.402678171;0.463456446;0.624014289;0.501080488;0.341120037;0.693199479;0.989527408;0.392019217;0.869957389;0.17678154;0.817962925;0.138239644;0.532131716;0.532132
0.046397304;0.828826458;0.011073002;0.755542538;0.768881759;0.60057955;0.165147047;0.085496619;0.137642287;0.571298513;0.556633436;0.288860065;0.132021662;0.505376761;0.470820353;0.737517259;0.871169898;0.375165657;0.068415912;0.896395228;0.443663065;0.443663
0.197046393;0.356045312;0.435316919;0.436103852;0.177095885;0.617609713;0.919104925;0.696022309;0.579076145;0.628442208;0.73516833;0.994491173;0.006138376;0.023694604;0.453145231;0.153216808;0.158528817;0.312879174;0.966904631;0.553389331;0.469971007;0.469971
0.791787572;0.700572193;0.179668862;0.806911529;0.102369274;0.888690225;0.843804839;0.298249447;0.416836935;0.795118053;0.226703834;0.694136564;0.826892629;0.820824189;0.633127991;0.409228588;0.701857809;0.063362818;0.329588017;0.529241927;0.552948665;0.552949
0.589763423;0.484913242;0.201341282;0.731203762;0.267388356;0.987303407;0.303676117;0.624913681;0.131789913;0.690791066;0.807998375;0.397959468;0.664100903;0.574127443;0.386596604;0.401802423;0.798683974;0.342605029;0.399359829;0.860885951;0.532360212;0.532360
0.722352197;0.020493921;0.988850272;0.267344871;0.790383134;0.255345268;0.858628257;0.089953968;0.189399751;0.27827204;0.404817246;0.736291119;0.025124049;0.828362392;0.322822356;0.058521361;0.782709702;0.05414559;0.440570264;0.912301802;0.451334478;0.451334
0.242808898;0.549986777;0.263373404;0.879145035;0.499392924;0.162613391;0.136669288;0.623145027;0.985947806;0.522723337;0.659959015;0.950605765;0.335045483;0.288638124;0.392393851;0.468523602;0.083427225;0.560630034;0.087880344;0.836156484;0.476453291;0.476453
0.034030268;0.374846925;0.190283876;0.836734565;0.197040026;0.545873666;0.189502494;0.749455521;0.765213234;0.795892226;0.675883595;0.0642103;0.539427232;0.121364147;0.461963031;0.908806878;0.914591744;0.046563681;0.868481353;0.749980995;0.501507288;0.501507
0.143677638;0.959491282;0.030558255;0.334628473;0.507020704;0.774853778;0.371392424;0.834329007;0.179747157;0.55611803;0.184007003;0.455885554;0.788630953;0.252308392;0.860344129;0.860600384;0.425500819;0.366850492;0.86048722;0.016347796;0.488138974;0.488139
0.907829797;0.586889842;0.88735542;0.193311651;0.064629578;0.432128702;0.019456221;0.868069588;0.722980629;0.01885811;0.181848883;0.755387639;0.253683721;0.242410827;0.904428263;0.455316121;0.908446535;0.764355009;0.53589093;0.612937323;0.515810739;0.515811
0.823765073;0.900248139;0.029491023;0.645376114;0.09550717;0.848975451;0.801452408;0.798890009;0.290460672;0.088534202;0.936038523;0.031560512;0.643866847;0.726168983;0.174920143;0.592806331;0.030124645;0.679457548;0.494812713;0.27390223;0.495317937;0.495318
0.706949169;0.867862695;0.651243791;0.160115769;0.3285654;0.196152849;0.758424005;0.345367274;0.464220114;0.217684985;0.142971134;0.527049079;0.960142567;0.525101492;0.340496049;0.407912109;0.53891139;0.837282949;0.355902835;0.938909483;0.513563257;0.513563
0.424967149;0.296167842;0.21514673;0.227466015;0.286891427;0.627813822;0.585253303;0.04964794;0.5913239;0.285645532;0.365900657;0.531389058;0.613825425;0.124085586;0.582467681;0.229907791;0.03073997;0.340216322;0.045035473;0.140576459;0.329723404;0.329723
0.095712254;0.590506741;0.230593413;0.995770268;0.027554988;0.94678668;0.915269056;0.677983286;0.581485591;0.347958465;0.981085045;0.131045138;0.707584928;0.38888035;0.092253789;0.456077732;0.824456882;0.410110091;0.313016042;0.283974948;0.499905284;0.499905
0.989147262;0.316107131;0.945271673;0.769259216;0.364310633;0.211481916;0.773308491;0.836818646;0.572010176;0.907131627;0.035161548;0.103816884;0.685401185;0.046900019;0.839812802;0.008895053;0.689175876;0.489069539;0.303266141;0.897169294;0.539175755;0.539176
0.131231571;0.793561622;0.902193983;0.49954669;0.763446438;0.381576318;0.171316489;0.642058414;0.784108865;0.582443293;0.256710444;0.825956288;0.531805533;0.949184823;0.246441961;0.066024138;0.089890136;0.171049104;0.521197145;0.133719804;0.472173153;0.472173
0.51657882;0.070511179;0.916257674;0.532703554;0.955021187;0.842907814;0.17220278;0.459104605;0.443695608;0.619162372;0.367998866;0.044094054;0.290843613;0.147622684;0.378646262;0.856398827;0.50587276;0.675726648;0.449565919;0.510049187;0.487748221;0.487748
0.738984226;0.961850411;0.65454906;0.448637369;0.42613297;0.617241362;0.630684862;0.81890223;0.406964727;0.714496316;0.669635563;0.091048271;0.492110592;0.129842624;0.692379048;0.160466771;0.408896998;0.470639296;0.918764509;0.69716493;0.557469607;0.557470
0.096232574;0.04936143;0.864023034;0.830597333;0.311305878;0.277337047;0.404146471;0.586796893;0.95255559;0.669689784;0.624017329;0.773873269;0.214981286;0.274241681;0.830608301;0.612632345;0.868803085;0.777584819;0.338832697;0.117276726;0.523744879;0.523745
0.670995675;0.593656186;0.875652045;0.998299778;0.421755735;0.539055517;0.439441184;0.144292836;0.451973316;0.323551118;0.285363081;0.915249756;0.848615025;0.151133633;0.361690592;0.444324856;0.83822229;0.617675938;0.506966461;0.460937073;0.544442605;0.544443
0.680271181;0.163017107;0.707914892;0.94020994;0.280517856;0.304442147;0.511049147;0.251715851;0.881291338;0.459966197;0.482564165;0.325999766;0.841925516;0.891895786;0.978625461;0.114140619;0.122286808;0.863991893;0.161653361;0.408185449;0.518583224;0.518583
0.689667303;0.079428446;0.924441656;0.977364314;0.212946409;0.685626018;0.268239186;0.734142679;0.996243088;0.349286883;0.214737876;0.21470493;0.506547796;0.084123094;0.081585182;0.629215286;0.20278409;0.834556513;0.482650859;0.760894691;0.496459315;0.496459
0.660769794;0.555100741;0.547309797;0.938886381;0.040860194;0.471164681;0.07942496;0.784394266;0.288502519;0.133170956;0.27510434;0.020974366;0.859888699;0.098143542;0.005614364;0.906423884;0.591436786;0.28262241;0.381283631;0.266157543;0.409361693;0.409362
0.985920408;0.208628844;0.116110105;0.137574992;0.782899983;0.592837054;0.768149254;0.352023413;0.50490492;0.642176846;0.288935191;0.224473376;0.642352528;0.662555024;0.04915893;0.000184061;0.507798556;0.515118267;0.991051679;0.559152036;0.476600273;0.476600
0.444963372;0.23106996;0.049542655;0.220303987;0.893497439;0.706619956;0.285594931;0.744755786;0.14317362;0.830183226;0.483858603;0.940157735;0.440392855;0.717230632;0.462210537;0.145346144;0.548122234;0.736379235;0.747968847;0.985618093;0.537849492;0.537849
0.046870245;0.241791671;0.211449582;0.551140535;0.024136864;0.550197777;0.878398327;0.011036368;0.497530838;0.711902419;0.798510641;0.341318448;0.915678156;0.163166092;0.667085966;0.380927928;0.47975145;0.087917521;0.207608937;0.653811773;0.421011577;0.421012
0.543477506;0.6691754;0.919326339;0.140904321;0.677825611;0.459470551;0.127191492;0.217642356;0.122064783;0.735155735;0.13484029;0.357031384;0.589737968;0.06708905;0.838970406;0.106318398;0.311304784;0.384544435;0.491273214;0.673739541;0.428354178;0.428354
0.062209054;0.259693017;0.781694484;0.252025192;0.439235026;0.113090028;0.657985491;0.230918228;0.199157109;0.597804958;0.6660141;0.642267864;0.904944828;0.239831649;0.900096869;0.568008689;0.1835446;0.595523764;0.55204607;0.846526851;0.484630894;0.484631
0.114125517;0.796297455;0.234809101;0.943055246;0.192375682;0.74541144;0.177051142;0.188828452;0.271677726;0.443597158;0.521318631;0.739633781;0.324287293;0.588593325;0.326488251;0.733405754;0.910462469;0.153176206;0.581728958;0.612813698;0.479956864;0.479957
0.60907431;0.889584743;0.447172134;0.06606212;0.736702056;0.274363241;0.550734883;0.903162876;0.028907779;0.452548732;0.164271295;0.981047793;0.051184179;0.944390188;0.118193181;0.939328477;0.186918771;0.514699179;0.721461204;0.506972285;0.504338971;0.504339
0.367789078;0.101298977;0.504732536;0.798146333;0.15584568;0.013073728;0.199091949;0.158838486;0.949528147;0.777424464;0.605802805;0.290448098;0.128639141;0.672316694;0.656830408;0.298962328;0.755033794;0.598691229;0.004180043;0.377512651;0.420709328;0.420709
0.536361713;0.498215728;0.551461331;0.637511805;0.545164658;0.513339695;0.530310265;0.745996845;0.89078007;0.882248399;0.888865785;0.219793859;0.675758575;0.455127561;0.747122272;0.344344227;0.713004349;0.342296945;0.322882725;0.027024264;0.553380554;0.553381
0.66543329;0.411188786;0.348808344;0.717870511;0.280954811;0.949146211;0.225851883;0.746699338;0.330189577;0.162790716;0.647016218;0.104379833;0.558458751;0.977015718;0.791503047;0.988338164;0.895159812;0.523248481;0.841667373;0.705606831;0.593566385;0.593566
0.529192621;0.628983349;0.814314697;0.618086662;0.319619613;0.851771681;0.051894872;0.87204585;0.317383763;0.809218842;0.149059714;0.614277376;0.599101128;0.191522873;0.456859423;0.918644541;0.492065753;0.091726375;0.825230588;0.048636834;0.509981828;0.509982
0.116184474;0.64101011;0.39973141;0.269781763;0.44468588;0.502362941;0.064356995;0.175086506;0.873078379;0.827564452;0.387541188;0.164894399;0.607924249;0.569817581;0.307865959;0.647110081;0.528322088;0.294649854;0.810479442;0.132611291;0.438252952;0.438253
0.915043273;0.409167957;0.479388574;0.568144642;0.026228089;0.369340443;0.004114896;0.180749314;0.08764436;0.918212315;0.537587474;0.280682015;0.348718551;0.366932212;0.534851695;0.178135291;0.755517694;0.651930035;0.997219055;0.213012098;0.441130999;0.441131
0.792437131;0.372623131;0.025494114;0.511468456;0.885657311;0.42653462;0.72085076;0.562640166;0.581754494;0.378425563;0.901276959;0.941050332;0.432304044;0.403145165;0.483471983;0.03691069;0.606875636;0.198133373;0.879326171;0.289980221;0.521518016;0.521518
0.360426893;0.650811442;0.870422999;0.352436763;0.170927643;0.014771369;0.240131438;0.388973611;0.48926994;0.083399902;0.257372962;0.763854896;0.588075113;0.707999659;0.242262213;0.645832852;0.830143865;0.980194462;0.56622028;0.381998312;0.479276331;0.479276
0.423108993;0.40368189;0.709502734;0.254241649;0.662612001;0.067176986;0.627194686;0.129922084;0.879134602;0.038251117;0.694462381;0.974877153;0.298681716;0.963504482;0.28663224;0.220575479;0.265588131;0.884416663;0.410397844;0.07350184;0.463373234;0.463373
0.045330758;0.470173535;0.021912468;0.204759724;0.765930942;0.621029278;0.058211869;0.600136556;0.286959817;0.371371907;0.84248739;0.675917599;0.56577637;0.47756941;0.357966214;0.844527465;0.205490976;0.023333332;0.64614783;0.637243046;0.436113824;0.436114
0.145353254;0.888721641;0.686988446;0.034789606;0.862674405;0.589689586;0.260187231;0.762632978;0.599390811;0.252417456;0.547757618;0.221595152;0.317210318;0.76902051;0.463341533;0.921546121;0.200164104;0.033405182;0.10071054;0.783167553;0.472038202;0.472038
0.831262696;0.064861884;0.583922796;0.31655789;0.610545917;0.000178274;0.801081286;0.339132958;0.917084994;0.190898419;0.390847411;0.246264812;0.721848625;0.387506955;0.431548291;0.576757102;0.50824567;0.035766161;0.402977274;0.762458748;0.455987408;0.455987
0.383380566;0.441571531;0.575685559;0.55908356;0.48997822;0.822037159;0.434847723;0.351330297;0.726197163;0.003500352;0.652370822;0.012710648;0.055446347;0.526026566;0.942665642;0.570781636;0.152594095;0.714753744;0.423560258;0.240420796;0.453947134;0.453947
0.144375606;0.490578739;0.460077498;0.315517158;0.793813303;0.768348531;0.073040157;0.048016002;0.50751099;0.743785741;0.766400621;0.018977002;0.613741928;0.537704021;0.018220141;0.457641162;0.616531359;0.149292944;0.369747536;0.958718379;0.442601941;0.442602
0.222031594;0.598915359;0.552999331;0.539571608;0.063053005;0.223554498;0.804028261;0.266533086;0.942639678;0.134636501;0.377797726;0.805605901;0.130842522;0.730385208;0.108467209;0.226364533;0.183834824;0.925389715;0.108289626;0.896848102;0.442089414;0.442089
0.279023529;0.491259504;0.244160999;0.633805996;0.876499414;0.680945356;0.07239577;0.160058357;0.07977051;0.663295399;0.319336707;0.375872462;0.301939768;0.201533457;0.597850636;0.145146064;0.149179663;0.388752826;0.034422482;0.604787716;0.365001831;0.365002
0.058457094;0.019617538;0.350495129;0.036892042;0.173033728;0.793543865;0.786837239;0.960763438;0.1852119;0.019110286;0.749284343;0.249896174;0.021546702;0.842243383;0.621530084;0.329827846;0.353517797;0.699140756;0.191981587;0.087239196;0.376508506;0.376509
0.856135199;0.41674115;0.852540417;0.137650231;0.029556797;0.771383783;0.778080029;0.584074415;0.93255756;0.423077141;0.786109468;0.98600913;0.521045929;0.960279553;0.21016902;0.467581035;0.729369624;0.50038732;0.272120394;0.598845313;0.590685675;0.590686
0.713985055;0.923758209;0.649806474;0.961837257;0.116508336;0.164375944;0.477350678;0.848047243;0.456003916;0.599952112;0.413358427;0.154005517;0.684698347;0.3967255;0.394732502;0.909843487;0.251014233;0.076904491;0.951606693;0.892718696;0.551861656;0.551862
0.1307495;0.6177224;0.614472788;0.699794239;0.783425607;0.208174843;0.333108992;0.228035898;0.421695772;0.884809083;0.865873702;0.151500163;0.492398121;0.054313467;0.692626088;0.810136125;0.420141108;0.981202034;0.978225585;0.529963174;0.544918434;0.544918
0.730246783;0.03919078;0.850324219;0.920745472;0.327694082;0.776972275;0.57166185;0.74989111;0.285337298;0.55876816;0.583329316;0.738115919;0.511964116;0.203966317;0.413525785;0.161749584;0.957518541;0.153540476;0.571940149;0.282584831;0.519453353;0.519453
0.080485791;0.968421965;0.252148422;0.14998487;0.983200387;0.54421504;0.794432507;0.818176445;0.224764489;0.657511143;0.78254456;0.074190081;0.34760656;0.612563514;0.959257828;0.156222828;0.177211002;0.74058001;0.485001502;0.35145558;0.507998726;0.507999
0.788218025;0.762147943;0.378334656;0.833817579;0.074462921;0.543936404;0.78339382;0.570227894;0.290986776;0.666549256;0.324346541;0.806102267;0.66342356;0.696632662;0.504937353;0.909067444;0.223546782;0.85510571;0.943114619;0.130854681;0.587460345;0.587460
0.072756965;0.878751203;0.872502171;0.910185851;0.808109645;0.613936543;0.793715236;0.007086657;0.278154493;0.880287828;0.417912682;0.246706602;0.255112079;0.195736054;0.405552756;0.716444551;0.433919101;0.982345818;0.830125348;0.428874068;0.551410783;0.551411
0.468685621;0.411881586;0.679620659;0.120617064;0.73936969;0.612083101;0.068050582;0.899204612;0.747895539;0.890547618;0.311303834;0.798285827;0.844107932;0.186924491;0.224485792;0.952244042;0.747356322;0.613068587;0.760229508;0.542957444;0.580945993;0.580946
0.425209166;0.681817438;0.572770447;0.458603804;0.670755655;0.819042457;0.453116401;0.607569536;0.193540703;0.031186195;0.396931885;0.00276726;0.112064916;0.536886561;0.560536066;0.514121069;0.818594776;0.1745457;0.376874489;0.098011738;0.425247313;0.425247
0.342166782;0.897493173;0.458716746;0.713091335;0.440283596;0.811727274;0.478938512;0.960509892;0.707341591;0.708263156;0.106953113;0.730020003;0.220283496;0.853665691;0.116362729;0.559301887;0.88799715;0.734061782;0.981466772;0.814047857;0.626134627;0.626135
0.003617026;0.378114497;0.364559143;0.356818406;0.417826507;0.042790337;0.447084318;0.151716028;0.27564398;0.427760218;0.47234595;0.285231419;0.451590615;0.364421907;0.443946096;0.180964681;0.764633541;0.942313602;0.15201307;0.221928645;0.357265999;0.357266
0.411637316;0.400763047;0.18479079;0.366710416;0.123831563;0.962319309;0.458262992;0.182091453;0.404207688;0.29752203;0.041600871;0.583687309;0.657425376;0.426552198;0.58604242;0.794167077;0.163521608;0.608643305;0.464687327;0.526401106;0.43224326;0.432243
0.859428037;0.715849012;0.063142969;0.919073292;0.483859292;0.145812892;0.540123616;0.071086082;0.117817601;0.493366075;0.502548216;0.304020134;0.176360891;0.876879527;0.39544785;0.52217257;0.434055007;0.045164075;0.819614448;0.08498153;0.428540156;0.428540
0.107019964;0.388909854;0.694904606;0.514796635;0.370774477;0.432568811;0.733027199;0.443627382;0.237081503;0.794844377;0.792538515;0.909493457;0.662889282;0.479857946;0.611189358;0.529832923;0.072578378;0.297690486;0.83292673;0.517925827;0.521223886;0.521224
0.908259311;0.247390771;0.501473099;0.021259676;0.854404715;0.21299866;0.148583984;0.426393742;0.886766646;0.61264846;0.450606049;0.870870017;0.388607638;0.225452202;0.649476757;0.95791246;0.168177502;0.317412377;0.837505101;0.041913129;0.486405615;0.486406
0.606588095;0.721133844;0.624758918;0.297433578;0.936033587;0.174959379;0.396446071;0.063481615;0.398700118;0.358098809;0.494993456;0.043887464;0.043215978;0.525192104;0.40965441;0.32746087;0.203856324;0.989265486;0.270333806;0.43816686;0.416183039;0.416183
0.635912453;0.188274691;0.18207988;0.431425038;0.990653859;0.963512949;0.024083249;0.395774672;0.062677941;0.336726593;0.222121406;0.874792179;0.184197283;0.054013888;0.296556229;0.96970864;0.099263051;0.830738989;0.862108932;0.863049934;0.473383593;0.473384
0.305812859;0.076208241;0.022186114;0.78205456;0.451278279;0.139855;0.734625186;0.793422501;0.428524715;0.486121541;0.576942005;0.678012952;0.516122562;0.056738536;0.44374821;0.751113503;0.861957824;0.486852947;0.981921934;0.463006326;0.50182529;0.501825
0.109163813;0.261801337;0.956497262;0.083456113;0.756224071;0.184660771;0.964978481;0.367953101;0.561821122;0.219205795;0.189139129;0.789961565;0.60895995;0.463856369;0.111914584;0.586714361;0.993632974;0.338666043;0.049731821;0.198147167;0.439824291;0.439824
0.676153614;0.869574657;0.691059551;0.908244277;0.1657389;0.361723868;0.846188189;0.406957573;0.50542704;0.977200291;0.164064454;0.676884896;0.128802711;0.577916822;0.862681665;0.488333973;0.673827873;0.237876455;0.921455438;0.854623357;0.59973678;0.599737
0.699216091;0.781096053;0.117927308;0.607142702;0.261014048;0.581806104;0.098215947;0.923177503;0.498525332;0.066531274;0.546882438;0.791122728;0.069860305;0.631640435;0.39998282;0.450439652;0.200976075;0.490025154;0.417094828;0.380691207;0.4506684;0.450668
0.355442099;0.884762128;0.038984767;0.895521594;0.278620858;0.717597019;0.792155169;0.652688857;0.691768356;0.79381445;0.594727097;0.915365527;0.886686978;0.351598322;0.536529708;0.223404525;0.425477854;0.158913047;0.640684614;0.050645259;0.544269411;0.544269
0.388864373;0.927560541;0.911111259;0.561303944;0.316490899;0.496369001;0.744867065;0.380149002;0.756659747;0.215354692;0.16774088;0.240079461;0.742001328;0.748688464;0.641674938;0.558381284;0.252799835;0.623536047;0.926367254;0.648543238;0.562427163;0.562427
0.44352709;0.888304044;0.900265044;0.564601552;0.167079789;0.812094191;0.220925294;0.504635945;0.807886343;0.226654317;0.406411234;0.318022104;0.270726181;0.085041005;0.828806254;0.200786046;0.000745562;0.439541153;0.217482916;0.161688584;0.423261232;0.423261
0.880091804;0.182386023;0.247969639;0.004064659;0.458584997;0.119404337;0.915924898;0.890372523;0.043047732;0.2031168;0.35064877;0.508572052;0.257172732;0.857988924;0.86358835;0.274484681;0.119937155;0.433304682;0.349324087;0.914418522;0.443720168;0.443720
0.076545883;0.942514695;0.185998604;0.231978552;0.793547502;0.292553871;0.723504065;0.919967425;0.44574051;0.905185585;0.137346509;0.433868645;0.41388294;0.892926613;0.150555867;0.82985801;0.146585851;0.229279896;0.88419049;0.055774638;0.484590308;0.484590
0.520832601;0.356748487;0.526049961;0.07078117;0.274850911;0.933008713;0.879670649;0.078762817;0.169523772;0.302442144;0.38891461;0.058026801;0.097639294;0.411047936;0.913061632;0.816260124;0.304421265;0.936562128;0.112788763;0.592576473;0.437198513;0.437199
0.991095279;0.616999661;0.430628178;0.259074073;0.990360346;0.96258781;0.202649785;0.931916047;0.942146824;0.92030613;0.52137524;0.935090749;0.321524476;0.793689257;0.429088773;0.115428324;0.155346615;0.318748827;0.353598552;0.545837571;0.586874626;0.586875
0.761091478;0.174335748;0.169245244;0.214128933;0.117982092;0.236134183;0.342743641;0.696373084;0.095809352;0.713378917;0.049068751;0.793346144;0.140624745;0.133341684;0.239216324;0.677336408;0.186287464;0.230994642;0.986560015;0.300310247;0.362915455;0.362915
0.723794132;0.672325078;0.010061637;0.154927357;0.229467583;0.90961732;0.650214944;0.437829239;0.088179125;0.093011741;0.510067579;0.074780136;0.12271029;0.61131842;0.633345791;0.349036676;0.369788829;0.651647614;0.647155454;0.759434151;0.434935655;0.434936
0.663505127;0.255510141;0.029860982;0.185657601;0.3238589;0.130607518;0.254887124;0.138540145;0.177518877;0.38968115;0.931411879;0.698483634;0.647487965;0.56319854;0.427579714;0.553791685;0.66156555;0.025420214;0.880382496;0.919695803;0.442932252;0.442932
0.118101841;0.960112544;0.203342394;0.399684372;0.61389209;0.45213716;0.196220613;0.795327408;0.039925334;0.185157088;0.587117166;0.764960314;0.994210135;0.175009865;0.784490585;0.50801633;0.03656199;0.497806636;0.328073645;0.476501957;0.455832473;0.455832
0.791013426;0.99219641;0.805284911;0.97565037;0.40412514;0.792943086;0.737356376;0.680579154;0.364071538;0.232841234;0.369272039;0.216466615;0.524839611;0.536096914;0.779943616;0.23561889;0.308984668;0.000615886;0.693310756;0.000759074;0.522098486;0.522098
0.089765783;0.845910195;0.654119232;0.175277819;0.954311363;0.227956017;0.177965186;0.895047065;0.733765951;0.945880462;0.574892644;0.272367813;0.689756303;0.72093561;0.524239984;0.679973988;0.494614037;0.926943925;0.895998495;0.646837357;0.606327961;0.606328
0.406994231;0.6063247;0.609999317;0.973544083;0.555720349;0.775802226;0.822117396;0.046937059;0.28574993;0.516737545;0.865644113;0.270722327;0.045353535;0.497219962;0.17444224;0.604691247;0.549332343;0.408893091;0.40107093;0.102857886;0.476007725;0.476008
0.711701973;0.234644697;0.55424621;0.193142967;0.329105269;0.175781541;0.931333893;0.396344366;0.256331533;0.157806614;0.744423211;0.420457548;0.537663184;0.741166263;0.427443143;0.84363879;0.434548548;0.330007532;0.834303748;0.566459895;0.491027546;0.491028
0.144415865;0.980396457;0.936233362;0.431589796;0.882643277;0.459163178;0.926260377;0.289870254;0.637835747;0.850819649;0.914048488;0.398081003;0.196755723;0.696614548;0.459387844;0.50675894;0.733423371;0.682995671;0.989355286;0.423707677;0.627017826;0.627018
0.525858479;0.212176411;0.71506324;0.554163783;0.911964412;0.938831854;0.273803662;0.438411069;0.932423171;0.273081939;0.675396041;0.648675989;0.933907529;0.798296777;0.019086386;0.389536345;0.65554556;0.028995101;0.253166491;0.83758751;0.550798587;0.550799
0.236075036;0.829952675;0.658324754;0.794810344;0.316586533;0.180071624;0.343620842;0.814531448;0.292061637;0.98530051;0.78133974;0.945857351;0.869834067;0.416395817;0.953999839;0.306138723;0.083344115;0.637292408;0.987228216;0.164799148;0.579878241;0.579878
0.976295835;0.002908525;0.808010325;0.880859601;0.368603811;0.300871704;0.033869274;0.865726549;0.209285248;0.677015435;0.778289741;0.046329856;0.828943119;0.993142299;0.741847584;0.437760399;0.94678889;0.883451343;0.663066283;0.964110002;0.620358791;0.620359
0.343197999;0.699361896;0.668894795;0.957096154;0.456020212;0.144360214;0.531255777;0.110171786;0.151559267;0.443568482;0.319673025;0.339287682;0.12423269;0.878847149;0.924062166;0.612308694;0.969871107;0.350564207;0.877485292;0.216112006;0.50589653;0.505897
0.909525873;0.751588109;0.833667731;0.078475482;0.552122702;0.200626716;0.460559213;0.009476921;0.118994576;0.045025179;0.720211562;0.697765534;0.611707421;0.665399697;0.559831952;0.185798922;0.454190769;0.261597627;0.343077794;0.643305707;0.455147474;0.455147
0.209227329;0.589268624;0.2657191;0.215176939;0.460107798;0.819253091;0.624843494;0.146679859;0.963729158;0.102365669;0.504147851;0.621617097;0.341974231;0.011099747;0.172964092;0.586600108;0.716277151;0.203152831;0.662886826;0.435080487;0.432608574;0.432609
0.525016558;0.173453861;0.651881653;0.525799687;0.446031288;0.588343113;0.808053124;0.901890522;0.696893584;0.322447821;0.188232075;0.826250533;0.452032449;0.479180346;0.834784238;0.883767529;0.816736619;0.527223629;0.830179173;0.181891418;0.583004461;0.583004
0.347307511;0.292228725;0.375454778;0.853740776;0.303716116;0.050333212;0.283095957;0.412304045;0.688865406;0.788858231;0.816216707;0.355740761;0.454895056;0.619515916;0.37217406;0.502352616;0.953650505;0.834890456;0.498832016;0.229356979;0.501676491;0.501676
0.176439446;0.31312218;0.307288861;0.233276134;0.220243904;0.018922326;0.092409296;0.013738072;0.823032352;0.003267031;0.430212218;0.250400335;0.073016007;0.572768286;0.382829168;0.902242882;0.93744878;0.781635882;0.035706844;0.092912063;0.333045603;0.333046
0.349953299;0.97134831;0.567506656;0.65963797;0.869096078;0.911731918;0.55852923;0.505638459;0.793045494;0.196303825;0.590156592;0.707036331;0.054495971;0.929276268;0.625284127;0.974817689;0.454218597;0.138477924;0.507324705;0.448575242;0.590622734;0.590623
0.371688245;0.559301901;0.995395202;0.74286096;0.363955532;0.691643463;0.43320377;0.691223604;0.980448928;0.29605264;0.309264333;0.001997644;0.54145169;0.509076699;0.73780816;0.967078379;0.062317619;0.175582013;0.696823752;0.3435672;0.523537087;0.523537
0.060898505;0.471298291;0.312177258;0.378748142;0.910127121;0.621594535;0.567507467;0.91200201;0.858664996;0.149749372;0.81720911;0.536182587;0.144642789;0.408679442;0.608989213;0.581569465;0.653262977;0.295209971;0.813081556;0.100900137;0.510124747;0.510125
0.613737605;0.848885427;0.23321616;0.220283782;0.911538181;0.008908305;0.30476697;0.854321402;0.107320901;0.898341987;0.149155773;0.927383812;0.579178874;0.801123298;0.520422676;0.258752558;0.841776412;0.837482641;0.104789331;0.991604339;0.550649522;0.550650
0.741122425;0.840930529;0.959187819;0.908655879;0.27014194;0.474090081;0.537265533;0.767603234;0.944587533;0.365320266;0.128246407;0.489515432;0.067449769;0.638124592;0.862136017;0.323456237;0.482853244;0.420300578;0.004583272;0.835866104;0.553071845;0.553072
0.017630962;0.53223893;0.722321424;0.728940221;0.291960276;0.379864957;0.300594415;0.665243577;0.267322461;0.61164036;0.720689103;0.459285931;0.486730646;0.944312478;0.761146636;0.078689126;0.349330752;0.424655743;0.416637284;0.080615582;0.461992543;0.461993
0.930304624;0.10680508;0.834068846;0.671375302;0.141435731;0.753920011;0.85293199;0.051233259;0.802568392;0.778173765;0.877804278;0.166896586;0.588405799;0.428989728;0.881925737;0.066998248;0.354400473;0.009784475;0.523356947;0.630970193;0.522617473;0.522617
0.299700912;0.393446561;0.471093006;0.193769966;0.141658284;0.181830938;0.196760188;0.34139641;0.253836517;0.861266708;0.353986809;0.073355914;0.6411929;0.669324813;0.675736801;0.049118972;0.050681737;0.435327839;0.691964579;0.422382671;0.369891626;0.369892
0.439956245;0.145197505;0.00303618;0.978159928;0.935503753;0.364949521;0.493978108;0.074022189;0.872943433;0.680657032;0.22493239;0.966746847;0.608202018;0.200414178;0.28541521;0.508700915;0.539641188;0.653816973;0.055587319;0.745357591;0.488860926;0.488861
0.602888936;0.636571851;0.450613058;0.334565698;0.194617806;0.253428542;0.54270969;0.757138252;0.433006321;0.099288321;0.027008127;0.342456778;0.863020865;0.410514181;0.221832035;0.614681023;0.013521414;0.390332198;0.418799561;0.674038664;0.414051666;0.414052
0.027955971;0.07417443;0.462432956;0.443608991;0.467275884;0.348866922;0.373748863;0.639839275;0.309341047;0.910210305;0.286021116;0.178877381;0.009954788;0.545910709;0.260942962;0.254106104;0.514890979;0.055983991;0.612239151;0.235468469;0.350592515;0.350593
0.347933445;0.699138978;0.89378435;0.586494529;0.548550239;0.684766361;0.99757483;0.376590497;0.476753971;0.218647796;0.10795931;0.831046467;0.56779465;0.080811622;0.566950624;0.408678073;0.623484139;0.713913762;0.821849951;0.054356368;0.530353998;0.530354
0.247764805;0.173732697;0.931701721;0.525400365;0.824879298;0.424352922;0.9864437;0.930741995;0.539671165;0.706592805;0.546300025;0.915482932;0.943854728;0.348562887;0.000812118;0.530023485;0.699101275;0.203122644;0.819187271;0.942340709;0.612003477;0.612003
0.136901761;0.535390613;0.151999597;0.367019513;0.065019802;0.581383621;0.317978354;0.960245411;0.210799445;0.249995737;0.715592609;0.347152132;0.834133856;0.888178605;0.791286665;0.753874313;0.875174147;0.053227672;0.621901719;0.271632805;0.486444419;0.486444
0.345776095;0.676480853;0.69254518;0.578075225;0.386464948;0.367594903;0.922513951;0.436109434;0.727871443;0.464287976;0.618872977;0.286275263;0.627151654;0.326628373;0.016168229;0.300553365;0.55093164;0.684165228;0.932298668;0.114945699;0.502785555;0.502786
0.236873274;0.586938678;0.079590713;0.964774221;0.510470364;0.536203667;0.526270846;0.30088355;0.197035801;0.059245443;0.16008457;0.626416535;0.752141822;0.945877739;0.053438508;0.272010025;0.705308416;0.490146204;0.368057517;0.092461667;0.423211478;0.423211
0.407768925;0.807162665;0.530330091;0.311477007;0.352756125;0.356979341;0.303939344;0.131293424;0.36329659;0.341923885;0.810445179;0.537885004;0.628418903;0.482368584;0.744593585;0.096786558;0.155128977;0.558560694;0.340336209;0.241016954;0.425123402;0.425123
0.609568489;0.299624066;0.93697343;0.431475643;0.574543518;0.402531114;0.261478482;0.057075242;0.598036005;0.425367644;0.127427303;0.936456402;0.770278384;0.341465435;0.998258792;0.467342327;0.131515492;0.811922745;0.191493472;0.40013734;0.488648566;0.488649
0.52491906;0.143649166;0.46258711;0.89976744;0.653403373;0.737120862;0.323581357;0.343479315;0.765365633;0.691981039;0.22866141;0.042203039;0.908293105;0.857877411;0.158732776;0.553281035;0.436050187;0.944141746;0.300752967;0.703610508;0.533972927;0.533973
0.373858139;0.638156058;0.13180541;0.215167937;0.907131014;0.102714185;0.228925054;0.228086172;0.215717322;0.762400842;0.357731741;0.387917646;0.035022272;0.339153697;0.616068308;0.724813403;0.673392389;0.655241604;0.078237742;0.109496084;0.389051851;0.389052
0.967287699;0.361289565;0.221608478;0.519010723;0.463792006;0.253971671;0.763132618;0.391094812;0.257980097;0.313756939;0.338263606;0.539080925;0.558376969;0.161422757;0.732692404;0.256790774;0.254636298;0.090100838;0.637262384;0.70186996;0.439171076;0.439171
0.208805048;0.29898936;0.396817953;0.260763994;0.486024933;0.582239457;0.593084697;0.396434282;0.981103343;0.32597968;0.123113355;0.632241447;0.826822269;0.741571613;0.265834675;0.885611834;0.884703309;0.97099601;0.282244751;0.152307742;0.514784488;0.514784
