Caracteristica1;Peso1;Agil1;Tradicional1;Hibrido1;Caracteristica2;Peso2;Agil2;Tradicional2;Hibrido2;Caracteristica3;Peso3;Agil3;Tradicional3;Hibrido3;Caracteristica4;Peso4;Agil4;Tradicional4;Hibrido4;Caracteristica5;Peso5;Agil5;Tradicional5;Hibrido5;Caracteristica6;Peso6;Agil6;Tradicional6;Hibrido6;mismatchagil1;mismatchTradicional1;mismatchHibrido1;mismatchagil2;mismatchTradicional2;mismatchHibrido2;mismatchagil3;mismatchTradicional3;mismatchHibrido3;mismatchagil4;mismatchTradicional4;mismatchHibrido4;mismatchagil5;mismatchTradicional5;mismatchHibrido5;mismatchagil6;mismatchTradicional6;mismatchHibrido6;MismatchScore
53,00;0,69;53,00;18,00;26,00;72,00;0,77;30,00;58,00;32,00;91,00;0,60;58,00;83,00;0,00;100,00;0,61;84,00;21,00;57,00;51,00;0,83;51,00;44,00;12,00;35,00;0,00;0,00;8,00;33,00;0,00;24,08;18,57;32,20;10,73;30,66;19,93;4,83;54,95;9,77;48,23;26,25;0,00;5,81;32,38;0,09;0,07;0,01;318,57
18,00;0,35;11,00;17,00;13,00;51,00;0,95;47,00;50,00;37,00;50,00;0,18;14,00;37,00;36,00;89,00;0,77;13,00;20,00;79,00;65,00;0,00;32,00;61,00;15,00;43,00;0,20;16,00;35,00;6,00;2,43;0,35;1,74;3,82;0,95;13,36;6,55;2,37;2,55;58,14;52,79;7,65;0,06;0,01;0,08;5,43;1,61;7,45;167,33
56,00;0,88;8,00;31,00;30,00;72,00;0,43;64,00;10,00;0,00;89,00;0,43;34,00;61,00;71,00;49,00;0,69;42,00;34,00;26,00;48,00;0,44;21,00;13,00;15,00;3,00;0,52;3,00;2,00;2,00;42,09;21,92;22,80;3,44;26,68;30,99;23,50;11,96;7,69;4,81;10,31;15,81;11,78;15,28;14,40;0,00;0,52;0,52;264,51
40,00;0,23;32,00;8,00;19,00;40,00;0,30;40,00;21,00;1,00;7,00;0,27;0,00;7,00;6,00;78,00;0,37;26,00;36,00;8,00;60,00;0,74;27,00;19,00;31,00;6,00;0,64;4,00;3,00;1,00;1,82;7,28;4,78;0,00;5,61;11,52;1,88;0,00;0,27;19,28;15,57;25,96;24,34;30,24;21,39;1,29;1,93;3,22;176,38
44,00;0,45;44,00;16,00;28,00;81,00;0,43;79,00;55,00;21,00;36,00;0,50;15,00;34,00;23,00;25,00;0,66;22,00;11,00;4,00;22,00;0,90;5,00;7,00;18,00;38,00;0,71;37,00;6,00;10,00;0,00;12,63;7,22;0,86;11,14;25,71;10,53;1,00;6,52;1,97;9,18;13,76;15,24;13,45;3,59;0,71;22,59;19,77;175,85
48,00;0,81;22,00;7,00;9,00;53,00;0,03;8,00;39,00;19,00;3,00;0,63;0,00;0,00;1,00;64,00;0,49;4,00;48,00;64,00;75,00;0,14;66,00;66,00;54,00;18,00;0,13;12,00;6,00;7,00;21,12;33,31;31,68;1,44;0,45;1,09;1,89;1,89;1,26;29,20;7,79;0,00;1,24;1,24;2,89;0,77;1,54;1,41;140,19
30,00;0,91;3,00;16,00;28,00;67,00;0,06;60,00;30,00;51,00;80,00;0,21;62,00;56,00;44,00;29,00;0,86;15,00;20,00;16,00;70,00;0,84;32,00;66,00;25,00;63,00;0,84;40,00;16,00;32,00;24,47;12,69;1,81;0,42;2,21;0,95;3,76;5,02;7,53;11,98;7,70;11,13;31,84;3,35;37,71;19,29;39,42;26,00;247,29
54,00;0,51;16,00;9,00;26,00;61,00;0,71;44,00;29,00;35,00;43,00;0,17;36,00;5,00;16,00;13,00;0,59;13,00;6,00;11,00;17,00;0,82;12,00;13,00;16,00;6,00;0,18;1,00;2,00;3,00;19,34;22,91;14,25;12,07;22,73;18,47;1,22;6,60;4,69;0,00;4,13;1,18;4,10;3,28;0,82;0,92;0,74;0,55;138,00
87,00;0,01;86,00;15,00;31,00;20,00;0,13;11,00;18,00;20,00;64,00;0,65;28,00;5,00;16,00;58,00;0,12;54,00;15,00;7,00;65,00;0,30;39,00;18,00;7,00;43,00;0,94;19,00;6,00;41,00;0,01;1,06;0,83;1,17;0,26;0,00;23,56;38,61;31,41;0,50;5,33;6,33;7,88;14,24;17,57;22,49;34,67;1,87;207,79
76,00;0,35;18,00;4,00;7,00;40,00;0,79;24,00;3,00;40,00;45,00;0,26;18,00;44,00;21,00;99,00;0,32;98,00;88,00;79,00;5,00;1,00;4,00;1,00;5,00;82,00;0,20;56,00;55,00;3,00;20,10;24,95;23,91;12,66;29,27;0,00;6,89;0,26;6,13;0,32;3,52;6,39;1,00;3,99;0,00;5,09;5,29;15,47;165,22
48,00;0,05;12,00;3,00;2,00;22,00;0,25;2,00;4,00;14,00;48,00;0,77;20,00;40,00;7,00;70,00;0,84;48,00;59,00;43,00;31,00;0,82;18,00;13,00;25,00;42,00;0,95;31,00;34,00;6,00;1,66;2,07;2,12;5,03;4,53;2,01;21,57;6,16;31,59;18,43;9,21;22,62;10,69;14,80;4,93;10,42;7,58;34,11;209,54
8,00;0,18;6,00;8,00;6,00;37,00;0,69;19,00;23,00;24,00;73,00;0,71;27,00;3,00;2,00;72,00;0,47;44,00;66,00;31,00;32,00;0,92;1,00;21,00;21,00;85,00;0,76;58,00;50,00;67,00;0,36;0,00;0,36;12,51;9,73;9,03;32,63;49,65;50,36;13,22;2,83;19,36;28,50;10,11;10,11;20,52;26,60;13,68;309,56
31,00;0,35;20,00;6,00;5,00;88,00;0,48;0,00;69,00;55,00;65,00;0,17;37,00;58,00;7,00;7,00;0,29;4,00;7,00;3,00;63,00;0,10;59,00;45,00;58,00;6,00;0,40;6,00;2,00;4,00;3,84;8,72;9,07;42,11;9,09;15,79;4,67;1,17;9,68;0,88;0,00;1,18;0,42;1,88;0,52;0,00;1,59;0,79;111,41
8,00;0,12;8,00;7,00;2,00;8,00;0,51;6,00;6,00;4,00;81,00;0,29;27,00;39,00;15,00;6,00;0,68;0,00;1,00;3,00;32,00;0,39;8,00;4,00;31,00;89,00;0,50;81,00;79,00;63,00;0,00;0,12;0,74;1,03;1,03;2,05;15,79;12,28;19,30;4,06;3,39;2,03;9,45;11,02;0,39;3,98;4,98;12,94;104,57
73,00;0,38;31,00;55,00;47,00;61,00;0,03;7,00;21,00;31,00;47,00;0,73;11,00;12,00;46,00;81,00;0,01;69,00;26,00;80,00;73,00;0,33;18,00;61,00;44,00;95,00;0,24;23,00;34,00;22,00;15,91;6,82;9,85;1,75;1,29;0,97;26,32;25,59;0,73;0,11;0,49;0,01;18,38;4,01;9,69;17,48;14,81;17,72;171,93
92,00;0,92;45,00;75,00;59,00;27,00;0,62;23,00;7,00;18,00;66,00;0,18;6,00;21,00;46,00;87,00;0,77;79,00;21,00;32,00;31,00;0,15;15,00;28,00;22,00;61,00;0,19;25,00;11,00;14,00;43,44;15,71;30,50;2,50;12,48;5,62;10,95;8,21;3,65;6,13;50,61;42,18;2,33;0,44;1,31;6,68;9,28;8,72;260,74
81,00;0,95;18,00;76,00;81,00;55,00;0,74;32,00;35,00;10,00;36,00;0,56;18,00;29,00;11,00;77,00;0,25;15,00;38,00;38,00;88,00;0,33;23,00;44,00;27,00;13,00;0,02;0,00;1,00;11,00;59,85;4,75;0,00;16,94;14,73;33,14;10,09;3,92;14,01;15,39;9,68;9,68;21,54;14,58;20,21;0,25;0,23;0,04;249,04
9,00;0,34;9,00;1,00;4,00;57,00;0,36;31,00;32,00;37,00;51,00;0,91;28,00;36,00;32,00;90,00;0,51;35,00;89,00;40,00;4,00;0,41;3,00;4,00;2,00;4,00;0,24;0,00;1,00;3,00;0,00;2,72;1,70;9,25;8,89;7,11;20,88;13,62;17,25;28,02;0,51;25,47;0,41;0,00;0,83;0,95;0,72;0,24;138,58
50,00;0,25;23,00;17,00;25,00;20,00;0,27;8,00;13,00;12,00;21,00;0,46;16,00;1,00;6,00;49,00;0,38;12,00;48,00;25,00;92,00;0,23;58,00;28,00;20,00;72,00;0,93;13,00;39,00;11,00;6,74;8,24;6,24;3,18;1,86;2,12;2,29;9,15;6,86;14,07;0,38;9,13;7,84;14,76;16,61;55,06;30,80;56,93;252,26
48,00;0,75;5,00;15,00;9,00;68,00;0,30;57,00;39,00;6,00;6,00;0,31;3,00;1,00;1,00;69,00;0,56;56,00;43,00;16,00;67,00;0,86;34,00;7,00;5,00;99,00;0,84;54,00;15,00;49,00;32,09;24,63;29,10;3,26;8,59;18,37;0,92;1,53;1,53;7,33;14,66;29,88;28,35;51,55;53,27;37,91;70,76;42,12;455,84
53,00;0,70;3,00;46,00;51,00;37,00;0,59;24,00;0,00;24,00;78,00;0,17;44,00;68,00;52,00;42,00;0,21;27,00;21,00;11,00;69,00;0,42;59,00;46,00;38,00;5,00;0,77;2,00;5,00;1,00;35,06;4,91;1,40;7,72;21,96;7,72;5,83;1,72;4,46;3,14;4,40;6,49;4,19;9,63;12,98;2,32;0,00;3,09;137,02
67,00;0,41;15,00;28,00;66,00;63,00;0,33;23,00;17,00;5,00;47,00;0,46;30,00;31,00;21,00;93,00;0,71;54,00;31,00;85,00;86,00;0,77;29,00;34,00;84,00;10,00;0,18;6,00;9,00;0,00;21,54;16,16;0,41;13,27;15,26;19,24;7,82;7,36;11,96;27,67;43,99;5,68;44,09;40,22;1,55;0,73;0,18;1,83;278,98
62,00;0,89;10,00;47,00;3,00;26,00;0,67;26,00;14,00;18,00;16,00;0,46;10,00;8,00;11,00;57,00;0,32;16,00;29,00;37,00;46,00;0,63;14,00;20,00;10,00;44,00;0,09;16,00;17,00;17,00;46,17;13,32;52,38;0,00;8,00;5,34;2,75;3,66;2,29;13,22;9,03;6,45;20,30;16,49;22,83;2,42;2,33;2,33;229,30
37,00;0,64;31,00;1,00;13,00;83,00;0,85;30,00;3,00;46,00;24,00;0,62;17,00;24,00;19,00;8,00;0,82;7,00;2,00;7,00;84,00;0,14;44,00;13,00;4,00;23,00;0,52;1,00;6,00;18,00;3,85;23,13;15,42;45,09;68,05;31,48;4,35;0,00;3,11;0,82;4,94;0,82;5,60;9,94;11,21;11,52;8,90;2,62;250,85
31,00;0,44;20,00;26,00;19,00;5,00;0,43;1,00;4,00;3,00;7,00;0,13;6,00;1,00;3,00;74,00;0,49;65,00;73,00;74,00;26,00;0,56;24,00;7,00;16,00;11,00;0,45;5,00;4,00;4,00;4,87;2,21;5,31;1,73;0,43;0,87;0,13;0,75;0,50;4,39;0,49;0,00;1,11;10,57;5,56;2,70;3,15;3,15;47,91
43,00;0,84;26,00;39,00;12,00;12,00;0,55;11,00;6,00;6,00;60,00;0,84;14,00;60,00;46,00;46,00;0,90;42,00;5,00;25,00;27,00;0,39;17,00;24,00;22,00;97,00;0,85;88,00;47,00;82,00;14,24;3,35;25,97;0,55;3,32;3,32;38,44;0,00;11,70;3,59;36,82;18,86;3,92;1,17;1,96;7,64;42,43;12,73;230,03
12,00;0,99;1,00;10,00;5,00;38,00;0,36;31,00;15,00;13,00;75,00;0,77;36,00;49,00;32,00;57,00;0,88;50,00;37,00;6,00;8,00;0,69;7,00;7,00;2,00;37,00;0,24;35,00;24,00;31,00;10,84;1,97;6,90;2,54;8,33;9,06;29,96;19,97;33,03;6,18;17,64;44,99;0,69;0,69;4,17;0,48;3,14;1,45;202,03
27,00;0,91;7,00;24,00;18,00;7,00;0,35;4,00;2,00;2,00;6,00;0,12;5,00;2,00;4,00;41,00;0,54;2,00;30,00;21,00;47,00;0,73;6,00;31,00;1,00;95,00;0,83;41,00;88,00;23,00;18,24;2,74;8,21;1,04;1,73;1,73;0,12;0,48;0,24;20,95;5,91;10,75;29,92;11,68;33,57;44,88;5,82;59,85;257,87
19,00;0,30;10,00;15,00;11,00;33,00;0,64;16,00;26,00;14,00;97,00;0,24;23,00;51,00;20,00;43,00;0,39;8,00;10,00;1,00;74,00;0,22;1,00;21,00;29,00;67,00;0,75;62,00;9,00;27,00;2,74;1,22;2,43;10,82;4,46;12,09;17,94;11,15;18,67;13,60;12,82;16,32;16,08;11,67;9,91;3,73;43,30;29,86;238,82
48,00;0,50;45,00;13,00;2,00;78,00;0,63;50,00;1,00;1,00;97,00;0,43;84,00;8,00;69,00;11,00;0,38;7,00;4,00;3,00;68,00;0,44;11,00;52,00;4,00;67,00;0,88;6,00;21,00;44,00;1,49;17,37;22,82;17,51;48,14;48,14;5,63;38,55;12,13;1,50;2,63;3,01;25,07;7,04;28,15;53,46;40,31;20,16;393,11
69,00;0,75;6,00;55,00;7,00;48,00;0,40;18,00;27,00;3,00;74,00;0,15;41,00;53,00;11,00;35,00;0,16;17,00;25,00;32,00;71,00;0,15;18,00;57,00;63,00;0,00;0,89;0,00;0,00;0,00;47,00;10,44;46,25;11,92;8,34;17,88;4,98;3,17;9,50;2,92;1,62;0,49;7,82;2,07;1,18;0,00;0,00;0,00;175,57
69,00;0,95;11,00;57,00;17,00;64,00;0,65;43,00;33,00;47,00;69,00;0,38;22,00;8,00;54,00;2,00;0,82;2,00;1,00;0,00;16,00;0,04;1,00;5,00;0,00;14,00;0,86;8,00;14,00;12,00;54,85;11,35;49,18;13,60;20,07;11,01;17,98;23,34;5,74;0,00;0,82;1,64;0,53;0,39;0,56;5,14;0,00;1,71;217,90
25,00;0,61;1,00;2,00;8,00;11,00;0,75;10,00;5,00;7,00;62,00;0,45;15,00;50,00;49,00;85,00;0,43;26,00;57,00;36,00;4,00;0,51;0,00;2,00;4,00;9,00;0,54;3,00;9,00;5,00;14,72;14,11;10,43;0,75;4,49;2,99;20,95;5,35;5,80;25,33;12,02;21,03;2,02;1,01;0,00;3,26;0,00;2,17;146,44
12,00;0,59;11,00;7,00;4,00;72,00;0,01;23,00;7,00;63,00;30,00;0,31;20,00;30,00;28,00;34,00;0,09;0,00;23,00;27,00;71,00;0,41;5,00;10,00;7,00;76,00;0,08;42,00;7,00;19,00;0,59;2,95;4,71;0,44;0,58;0,08;3,14;0,00;0,63;2,95;0,95;0,61;27,06;25,01;26,24;2,76;5,60;4,63;108,92
88,00;0,16;34,00;33,00;78,00;38,00;0,85;32,00;12,00;18,00;93,00;0,60;80,00;74,00;45,00;94,00;0,83;45,00;49,00;72,00;10,00;0,46;9,00;9,00;8,00;38,00;0,67;37,00;26,00;12,00;8,58;8,74;1,59;5,07;21,98;16,91;7,84;11,46;28,96;40,67;37,35;18,26;0,46;0,46;0,92;0,67;8,00;17,34;235,26
99,00;0,62;68,00;99,00;76,00;35,00;0,51;28,00;20,00;18,00;73,00;0,11;16,00;69,00;64,00;82,00;0,97;71,00;15,00;1,00;93,00;0,45;49,00;75,00;6,00;30,00;0,57;10,00;24,00;2,00;19,29;0,00;14,31;3,60;7,72;8,75;6,12;0,43;0,97;10,69;65,12;78,72;19,98;8,17;39,51;11,43;3,43;16,00;314,23
9,00;0,18;3,00;5,00;6,00;6,00;0,37;6,00;6,00;1,00;43,00;0,82;7,00;18,00;22,00;12,00;0,27;10,00;7,00;11,00;66,00;0,10;40,00;33,00;5,00;13,00;0,51;8,00;8,00;10,00;1,07;0,72;0,54;0,00;0,00;1,83;29,54;20,52;17,23;0,54;1,36;0,27;2,71;3,44;6,35;2,56;2,56;1,54;92,79
53,00;0,36;36,00;23,00;53,00;0,00;0,59;0,00;0,00;0,00;17,00;0,27;2,00;2,00;4,00;81,00;0,78;46,00;39,00;4,00;61,00;0,60;33,00;15,00;39,00;2,00;0,55;1,00;1,00;0,00;6,09;10,74;0,00;0,00;0,00;0,00;4,06;4,06;3,52;27,36;32,83;60,20;16,83;27,65;13,22;0,55;0,55;1,11;208,78
13,00;0,21;7,00;7,00;6,00;53,00;0,64;18,00;1,00;32,00;52,00;0,24;11,00;25,00;13,00;56,00;0,04;26,00;25,00;2,00;39,00;0,95;31,00;19,00;7,00;73,00;0,86;31,00;60,00;64,00;1,27;1,27;1,48;22,54;33,49;13,53;9,98;6,57;9,49;1,22;1,26;2,20;7,58;18,94;30,30;36,13;11,18;7,74;216,18
72,00;0,18;1,00;5,00;26,00;32,00;0,49;5,00;14,00;1,00;3,00;0,39;0,00;2,00;2,00;33,00;0,23;29,00;32,00;4,00;14,00;0,22;5,00;6,00;13,00;30,00;0,41;10,00;14,00;22,00;12,90;12,18;8,36;13,11;8,74;15,05;1,16;0,39;0,39;0,94;0,23;6,79;1,97;1,75;0,22;8,29;6,64;3,32;102,41
47,00;0,85;31,00;15,00;31,00;30,00;0,54;26,00;3,00;20,00;54,00;0,48;52,00;29,00;11,00;74,00;0,06;47,00;70,00;13,00;74,00;0,07;69,00;2,00;61,00;6,00;0,89;5,00;6,00;1,00;13,56;27,11;13,56;2,14;14,46;5,36;0,95;11,88;20,43;1,75;0,26;3,94;0,34;4,86;0,88;0,89;0,00;4,44;126,80
12,00;0,19;4,00;11,00;11,00;24,00;0,08;20,00;24,00;22,00;99,00;0,63;15,00;31,00;7,00;5,00;0,62;1,00;5,00;5,00;79,00;0,14;62,00;61,00;50,00;83,00;0,74;83,00;60,00;23,00;1,56;0,19;0,19;0,33;0,00;0,17;52,85;42,79;57,89;2,50;0,00;0,00;2,37;2,51;4,05;0,00;17,12;44,65;229,17
3,00;0,34;3,00;2,00;3,00;14,00;0,54;1,00;10,00;12,00;100,00;0,37;61,00;15,00;12,00;59,00;0,52;10,00;53,00;54,00;85,00;0,48;16,00;56,00;17,00;19,00;0,38;9,00;12,00;16,00;0,00;0,34;0,00;7,05;2,17;1,08;14,48;31,55;32,67;25,61;3,14;2,61;33,34;14,01;32,85;3,82;2,67;1,14;208,52
69,00;0,66;67,00;40,00;41,00;52,00;0,60;17,00;18,00;31,00;78,00;0,71;60,00;65,00;48,00;55,00;0,32;29,00;44,00;25,00;47,00;0,23;43,00;19,00;28,00;49,00;0,83;18,00;13,00;11,00;1,33;19,27;18,60;21,00;20,40;12,60;12,81;9,25;21,35;8,28;3,50;9,55;0,91;6,40;4,35;25,87;30,04;31,71;257,23
89,00;0,45;12,00;15,00;55,00;15,00;0,82;3,00;11,00;0,00;10,00;0,81;7,00;0,00;10,00;88,00;0,97;64,00;35,00;58,00;49,00;0,80;32,00;28,00;21,00;69,00;0,60;13,00;44,00;24,00;34,45;33,11;15,21;9,80;3,27;12,25;2,44;8,14;0,00;23,23;51,30;29,04;13,52;16,71;22,28;33,65;15,02;27,04;350,46
87,00;0,40;17,00;12,00;58,00;81,00;0,98;80,00;16,00;37,00;25,00;0,52;2,00;16,00;7,00;49,00;0,88;35,00;20,00;41,00;4,00;0,86;4,00;1,00;0,00;33,00;0,84;31,00;14,00;24,00;27,96;29,96;11,58;0,98;63,39;42,91;11,92;4,66;9,33;12,29;25,47;7,03;0,00;2,57;3,43;1,68;15,92;7,54;278,61
98,00;0,75;65,00;90,00;9,00;58,00;0,52;1,00;30,00;58,00;56,00;0,90;48,00;43,00;33,00;45,00;0,96;19,00;34,00;6,00;74,00;0,37;50,00;24,00;24,00;4,00;0,88;2,00;4,00;0,00;24,81;6,02;66,92;29,40;14,44;0,00;7,21;11,72;20,74;24,85;10,51;37,27;8,84;18,41;18,41;1,77;0,00;3,54;304,86
70,00;0,35;33,00;30,00;61,00;10,00;0,32;1,00;1,00;5,00;10,00;0,12;5,00;3,00;4,00;0,00;0,84;0,00;0,00;0,00;46,00;0,22;35,00;29,00;21,00;100,00;0,08;11,00;84,00;7,00;12,80;13,84;3,11;2,90;2,90;1,61;0,62;0,86;0,74;0,00;0,00;0,00;2,42;3,74;5,50;7,46;1,34;7,80;67,65
83,00;0,81;23,00;61,00;49,00;57,00;0,31;45,00;20,00;24,00;70,00;0,88;39,00;17,00;4,00;92,00;0,09;42,00;45,00;17,00;38,00;0,86;1,00;10,00;9,00;91,00;0,01;82,00;30,00;67,00;48,79;17,89;27,65;3,78;11,65;10,39;27,29;46,65;58,10;4,64;4,36;6,96;31,77;24,05;24,90;0,13;0,90;0,35;350,25
39,00;0,62;15,00;6,00;7,00;96,00;0,58;69,00;84,00;85,00;39,00;1,00;31,00;27,00;27,00;2,00;0,16;0,00;0,00;1,00;35,00;0,26;23,00;22,00;31,00;42,00;0,67;30,00;1,00;17,00;14,97;20,59;19,96;15,71;6,98;6,40;8,00;12,00;12,00;0,32;0,32;0,16;3,14;3,40;1,05;8,02;27,39;16,70;177,09
92,00;0,14;21,00;23,00;90,00;44,00;0,31;15,00;3,00;2,00;33,00;0,98;1,00;14,00;19,00;14,00;0,47;5,00;8,00;0,00;69,00;0,94;64,00;40,00;7,00;87,00;0,46;38,00;64,00;76,00;9,92;9,64;0,28;8,85;12,52;12,82;31,24;18,55;13,67;4,20;2,80;6,53;4,71;27,32;58,41;22,50;10,56;5,05;259,56
6,00;0,98;1,00;5,00;5,00;96,00;0,21;32,00;8,00;43,00;87,00;0,17;67,00;15,00;42,00;62,00;0,29;35,00;11,00;42,00;62,00;0,52;15,00;34,00;14,00;41,00;0,57;5,00;11,00;4,00;4,90;0,98;0,98;13,66;18,78;11,31;3,30;11,88;7,43;7,94;14,99;5,88;24,39;14,53;24,91;20,43;17,02;20,99;224,30
43,00;0,98;2,00;15,00;32,00;9,00;0,79;2,00;1,00;8,00;14,00;0,10;8,00;6,00;5,00;52,00;0,76;45,00;31,00;34,00;14,00;0,13;9,00;12,00;8,00;80,00;0,43;0,00;41,00;28,00;39,99;27,31;10,73;5,56;6,35;0,79;0,57;0,76;0,86;5,34;16,01;13,72;0,65;0,26;0,77;34,02;16,59;22,11;202,39
2,00;0,23;1,00;2,00;1,00;14,00;0,01;13,00;14,00;13,00;11,00;0,39;0,00;8,00;1,00;20,00;0,82;5,00;11,00;18,00;66,00;0,33;32,00;27,00;2,00;60,00;0,31;28,00;43,00;44,00;0,23;0,00;0,23;0,01;0,00;0,01;4,28;1,17;3,89;12,24;7,34;1,63;11,26;12,92;21,20;9,79;5,20;4,89;96,30
67,00;0,16;44,00;5,00;60,00;35,00;0,67;28,00;7,00;29,00;14,00;0,65;9,00;14,00;7,00;67,00;0,42;46,00;67,00;0,00;92,00;0,62;58,00;85,00;34,00;22,00;0,32;8,00;7,00;14,00;3,76;10,13;1,14;4,72;18,90;4,05;3,25;0,00;4,55;8,74;0,00;27,87;21,17;4,36;36,11;4,48;4,80;2,56;160,58
32,00;0,72;2,00;30,00;12,00;42,00;0,89;24,00;40,00;35,00;13,00;0,87;11,00;4,00;10,00;99,00;0,12;88,00;71,00;53,00;46,00;0,18;20,00;1,00;25,00;13,00;0,75;5,00;2,00;6,00;21,71;1,45;14,48;16,08;1,79;6,25;1,73;7,79;2,60;1,35;3,42;5,62;4,78;8,27;3,86;6,03;8,30;5,28;120,77
80,00;0,44;58,00;60,00;14,00;49,00;0,81;46,00;13,00;32,00;46,00;0,55;4,00;3,00;16,00;54,00;0,57;42,00;23,00;18,00;15,00;0,56;12,00;12,00;1,00;35,00;0,90;12,00;14,00;32,00;9,71;8,82;29,12;2,44;29,32;13,85;23,26;23,81;16,61;6,85;17,69;20,54;1,69;1,69;7,91;20,59;18,80;2,69;255,39
14,00;0,78;10,00;7,00;7,00;59,00;0,63;24,00;49,00;57,00;71,00;0,52;11,00;36,00;63,00;85,00;0,47;7,00;47,00;48,00;88,00;0,57;85,00;73,00;10,00;67,00;0,76;48,00;39,00;63,00;3,12;5,46;5,46;22,20;6,34;1,27;31,35;18,29;4,18;36,69;17,88;17,41;1,70;8,49;44,13;14,47;21,32;3,05;262,82
75,00;0,71;18,00;14,00;50,00;79,00;0,39;5,00;78,00;2,00;33,00;0,45;21,00;11,00;27,00;82,00;0,20;33,00;0,00;68,00;11,00;0,40;4,00;1,00;9,00;85,00;0,21;6,00;72,00;37,00;40,70;43,56;17,85;28,65;0,39;29,81;5,34;9,80;2,67;9,78;16,37;2,79;2,81;4,01;0,80;16,62;2,74;10,10;244,81
63,00;0,38;35,00;53,00;18,00;17,00;0,24;13,00;10,00;14,00;17,00;0,15;2,00;17,00;4,00;71,00;0,82;67,00;13,00;18,00;78,00;0,96;48,00;51,00;14,00;65,00;0,12;52,00;26,00;65,00;10,71;3,82;17,21;0,95;1,67;0,71;2,30;0,00;2,00;3,28;47,54;43,44;28,81;25,93;61,46;1,62;4,86;0,00;256,30
43,00;0,80;24,00;18,00;6,00;1,00;0,12;1,00;1,00;1,00;79,00;0,20;28,00;1,00;7,00;89,00;0,69;35,00;36,00;66,00;11,00;0,58;6,00;7,00;4,00;24,00;0,63;7,00;11,00;18,00;15,19;19,99;29,58;0,00;0,00;0,00;10,24;15,65;14,45;37,19;36,50;15,84;2,90;2,32;4,07;10,75;8,22;3,79;226,68
53,00;0,73;41,00;41,00;49,00;92,00;0,03;28,00;23,00;15,00;4,00;0,79;4,00;1,00;1,00;89,00;0,02;31,00;73,00;17,00;67,00;0,46;38,00;27,00;9,00;7,00;0,05;7,00;6,00;3,00;8,71;8,71;2,90;1,81;1,96;2,18;0,00;2,37;2,37;0,98;0,27;1,21;13,29;18,33;26,57;0,00;0,05;0,21;91,92
10,00;0,20;1,00;5,00;1,00;2,00;0,51;1,00;0,00;1,00;74,00;0,13;63,00;70,00;12,00;45,00;0,52;44,00;36,00;24,00;12,00;0,16;3,00;4,00;3,00;33,00;0,16;31,00;5,00;25,00;1,76;0,98;1,76;0,51;1,01;0,51;1,38;0,50;7,76;0,52;4,67;10,89;1,46;1,30;1,46;0,32;4,44;1,27;42,49
20,00;0,03;11,00;10,00;9,00;50,00;0,24;9,00;40,00;39,00;65,00;0,62;18,00;56,00;39,00;39,00;0,39;32,00;7,00;16,00;48,00;0,43;37,00;23,00;22,00;66,00;0,07;39,00;55,00;63,00;0,28;0,31;0,34;9,88;2,41;2,65;29,18;5,59;16,14;2,74;12,51;8,99;4,72;10,74;11,16;1,85;0,76;0,21;120,45
78,00;0,72;60,00;44,00;43,00;35,00;0,54;23,00;34,00;8,00;8,00;0,29;3,00;0,00;7,00;70,00;0,05;48,00;65,00;12,00;60,00;0,70;29,00;19,00;21,00;6,00;0,80;2,00;3,00;4,00;12,93;24,43;25,15;6,49;0,54;14,60;1,43;2,29;0,29;1,03;0,23;2,72;21,75;28,77;27,37;3,19;2,39;1,59;177,20
75,00;0,98;42,00;64,00;9,00;22,00;0,38;2,00;17,00;14,00;66,00;0,75;22,00;31,00;43,00;80,00;0,59;0,00;65,00;39,00;20,00;0,29;14,00;8,00;6,00;3,00;0,58;0,00;2,00;2,00;32,40;10,80;64,81;7,63;1,91;3,05;33,15;26,37;17,33;47,52;8,91;24,35;1,74;3,47;4,05;1,74;0,58;0,58;290,39
71,00;0,03;67,00;5,00;62,00;71,00;0,16;51,00;4,00;34,00;65,00;0,48;13,00;3,00;29,00;80,00;0,09;79,00;22,00;25,00;68,00;0,53;49,00;33,00;44,00;51,00;0,52;31,00;43,00;51,00;0,10;1,66;0,23;3,18;10,66;5,89;24,98;29,79;17,29;0,09;5,33;5,05;10,11;18,63;12,77;10,46;4,19;0,00;160,42
5,00;0,83;0,00;2,00;4,00;54,00;0,06;8,00;36,00;34,00;91,00;0,80;65,00;47,00;16,00;82,00;0,90;38,00;51,00;66,00;45,00;0,44;42,00;0,00;14,00;27,00;0,87;4,00;3,00;8,00;4,13;2,48;0,83;2,72;1,06;1,18;20,81;35,23;60,04;39,59;27,89;14,40;1,31;19,63;13,52;20,11;20,99;16,61;302,54
31,00;0,35;22,00;9,00;25,00;41,00;0,17;28,00;36,00;2,00;16,00;0,11;6,00;16,00;6,00;18,00;0,52;18,00;15,00;13,00;66,00;0,58;26,00;58,00;9,00;48,00;0,15;12,00;14,00;38,00;3,15;7,70;2,10;2,24;0,86;6,72;1,13;0,00;1,13;0,00;1,57;2,61;23,01;4,60;32,78;5,36;5,06;1,49;101,51
3,00;0,97;2,00;2,00;0,00;79,00;0,58;59,00;2,00;7,00;86,00;0,49;41,00;17,00;50,00;26,00;0,61;25,00;9,00;14,00;76,00;0,75;57,00;52,00;27,00;93,00;0,33;31,00;24,00;82,00;0,97;0,97;2,90;11,55;44,46;41,57;22,19;34,02;17,75;0,61;10,35;7,30;14,20;17,93;36,62;20,50;22,82;3,64;310,33
85,00;0,94;64,00;1,00;3,00;46,00;0,49;46,00;44,00;19,00;100,00;0,91;56,00;99,00;58,00;98,00;0,44;13,00;7,00;13,00;100,00;0,91;58,00;8,00;64,00;26,00;0,40;19,00;2,00;14,00;19,68;78,74;76,86;0,00;0,98;13,22;40,06;0,91;38,24;37,60;40,25;37,60;38,18;83,62;32,72;2,81;9,65;4,82;555,94
54,00;0,80;54,00;46,00;40,00;33,00;0,49;14,00;23,00;29,00;62,00;0,33;34,00;19,00;50,00;19,00;0,92;0,00;16,00;0,00;66,00;0,98;45,00;3,00;3,00;14,00;0,07;4,00;5,00;11,00;0,00;6,43;11,25;9,37;4,93;1,97;9,32;14,32;4,00;17,39;2,75;17,39;20,57;61,70;61,70;0,72;0,64;0,21;244,65
70,00;0,06;0,00;16,00;44,00;40,00;0,20;23,00;13,00;37,00;90,00;0,39;9,00;70,00;18,00;35,00;0,69;26,00;23,00;26,00;47,00;0,38;37,00;15,00;20,00;22,00;0,07;7,00;14,00;17,00;3,88;2,99;1,44;3,46;5,49;0,61;31,40;7,75;27,91;6,20;8,26;6,20;3,83;12,24;10,33;1,03;0,55;0,34;133,89
50,00;1,00;2,00;46,00;48,00;71,00;0,80;31,00;12,00;43,00;80,00;0,96;44,00;53,00;1,00;75,00;0,52;19,00;56,00;73,00;33,00;0,64;33,00;17,00;26,00;80,00;0,04;8,00;19,00;53,00;47,95;4,00;2,00;31,82;46,94;22,28;34,55;25,92;75,83;29,26;9,93;1,04;0,00;10,32;4,51;2,76;2,34;1,03;352,48
70,00;0,12;67,00;70,00;70,00;7,00;0,31;0,00;6,00;1,00;16,00;0,86;5,00;6,00;2,00;79,00;0,22;47,00;39,00;44,00;45,00;0,03;39,00;33,00;39,00;52,00;0,61;2,00;39,00;29,00;0,36;0,00;0,00;2,20;0,31;1,89;9,47;8,61;12,06;6,96;8,70;7,61;0,18;0,37;0,18;30,28;7,87;13,93;110,97
70,00;0,24;4,00;29,00;33,00;10,00;0,25;1,00;10,00;8,00;41,00;0,05;28,00;32,00;35,00;12,00;0,48;2,00;1,00;4,00;72,00;0,44;18,00;34,00;9,00;40,00;0,87;39,00;18,00;34,00;15,84;9,84;8,88;2,29;0,00;0,51;0,66;0,46;0,30;4,80;5,28;3,84;23,63;16,63;27,57;0,87;19,07;5,20;145,66
56,00;0,80;38,00;28,00;53,00;51,00;0,06;3,00;39,00;11,00;34,00;0,39;11,00;3,00;3,00;7,00;0,04;1,00;5,00;3,00;78,00;0,22;38,00;56,00;15,00;60,00;0,66;58,00;58,00;54,00;14,38;22,37;2,40;3,08;0,77;2,57;8,93;12,04;12,04;0,23;0,08;0,15;8,81;4,84;13,87;1,33;1,33;3,98;113,18
5,00;0,04;4,00;1,00;3,00;6,00;0,65;5,00;3,00;4,00;73,00;0,60;38,00;49,00;54,00;74,00;0,95;53,00;61,00;52,00;66,00;0,67;30,00;49,00;60,00;95,00;0,50;81,00;5,00;89,00;0,04;0,15;0,07;0,65;1,96;1,30;21,10;14,47;11,46;19,98;12,37;20,93;24,02;11,34;4,00;6,95;44,69;2,98;198,45
5,00;0,68;0,00;0,00;0,00;35,00;0,75;20,00;6,00;3,00;33,00;0,98;1,00;7,00;27,00;30,00;0,32;2,00;14,00;24,00;63,00;0,86;2,00;48,00;19,00;48,00;0,47;10,00;39,00;10,00;3,39;3,39;3,39;11,25;21,74;23,99;31,42;25,53;5,89;8,92;5,10;1,91;52,54;12,92;37,90;17,97;4,26;17,97;289,48
38,00;0,54;17,00;36,00;4,00;100,00;0,48;90,00;89,00;84,00;87,00;0,07;85,00;86,00;78,00;81,00;0,00;62,00;81,00;41,00;85,00;0,15;50,00;63,00;23,00;17,00;0,60;2,00;1,00;2,00;11,43;1,09;18,51;4,85;5,33;7,76;0,13;0,07;0,59;0,06;0,00;0,13;5,39;3,38;9,54;8,98;9,58;8,98;95,80
53,00;0,25;17,00;21,00;17,00;19,00;0,55;15,00;4,00;16,00;37,00;0,73;17,00;11,00;7,00;13,00;0,58;4,00;1,00;6,00;74,00;0,12;44,00;14,00;55,00;60,00;0,79;15,00;16,00;31,00;9,04;8,04;9,04;2,21;8,30;1,66;14,59;18,97;21,89;5,21;6,95;4,05;3,52;7,05;2,23;35,38;34,59;22,80;215,54
21,00;0,33;19,00;15,00;17,00;49,00;0,61;44,00;11,00;35,00;66,00;0,93;50,00;34,00;39,00;16,00;0,37;5,00;4,00;6,00;8,00;0,10;2,00;8,00;1,00;34,00;0,38;24,00;33,00;27,00;0,67;2,00;1,33;3,03;23,03;8,48;14,82;29,63;25,00;4,05;4,42;3,68;0,62;0,00;0,73;3,81;0,38;2,67;128,34
63,00;0,18;47,00;7,00;44,00;16,00;0,83;8,00;9,00;3,00;2,00;0,88;1,00;0,00;0,00;59,00;0,75;2,00;27,00;40,00;78,00;0,95;44,00;41,00;2,00;70,00;0,23;25,00;43,00;22,00;2,84;9,94;3,37;6,61;5,78;10,74;0,88;1,75;1,75;42,86;24,06;14,29;32,35;35,20;72,31;10,17;6,10;10,85;291,87
39,00;0,04;24,00;29,00;7,00;19,00;0,16;11,00;0,00;18,00;61,00;0,60;3,00;58,00;56,00;82,00;0,05;73,00;65,00;6,00;36,00;0,26;23,00;8,00;7,00;36,00;0,65;14,00;24,00;15,00;0,66;0,44;1,41;1,28;3,04;0,16;34,83;1,80;3,00;0,48;0,91;4,05;3,37;7,25;7,51;14,35;7,83;13,70;106,06
27,00;0,76;17,00;1,00;24,00;73,00;0,14;23,00;71,00;45,00;52,00;0,48;50,00;46,00;42,00;73,00;0,11;55,00;56,00;69,00;76,00;0,22;53,00;42,00;13,00;90,00;0,52;0,00;57,00;45,00;7,61;19,78;2,28;7,23;0,29;4,05;0,95;2,86;4,77;1,95;1,84;0,43;4,98;7,36;13,64;46,89;17,19;23,44;167,54
55,00;0,99;27,00;52,00;14,00;12,00;0,79;5,00;10,00;6,00;84,00;0,62;24,00;16,00;21,00;32,00;0,55;6,00;8,00;3,00;91,00;0,01;91,00;30,00;49,00;72,00;0,53;43,00;18,00;0,00;27,70;2,97;40,57;5,55;1,59;4,76;37,04;41,98;38,89;14,34;13,23;15,99;0,00;0,55;0,38;15,36;28,60;38,13;327,63
38,00;0,98;35,00;0,00;15,00;47,00;0,80;39,00;14,00;36,00;81,00;0,42;37,00;69,00;33,00;42,00;0,76;40,00;24,00;3,00;81,00;0,88;48,00;23,00;16,00;13,00;0,36;5,00;7,00;13,00;2,95;37,42;22,65;6,39;26,35;8,78;18,69;5,10;20,39;1,51;13,60;29,46;28,96;50,90;57,04;2,91;2,18;0,00;335,28
69,00;0,47;2,00;65,00;18,00;32,00;0,50;30,00;23,00;32,00;87,00;0,03;39,00;51,00;19,00;56,00;0,27;1,00;5,00;31,00;49,00;0,22;15,00;39,00;39,00;100,00;0,17;23,00;10,00;32,00;31,25;1,87;23,78;1,00;4,49;0,00;1,34;1,01;1,90;14,90;13,81;6,77;7,51;2,21;2,21;13,22;15,46;11,68;154,39
46,00;0,16;36,00;38,00;16,00;95,00;0,18;13,00;30,00;61,00;40,00;0,56;26,00;25,00;25,00;11,00;0,96;2,00;4,00;7,00;46,00;0,74;27,00;16,00;21,00;54,00;0,29;43,00;48,00;40,00;1,58;1,26;4,73;14,38;11,40;5,96;7,77;8,33;8,33;8,62;6,70;3,83;14,12;22,30;18,59;3,19;1,74;4,06;146,89
90,00;0,04;55,00;46,00;8,00;28,00;0,53;16,00;4,00;23,00;59,00;0,67;45,00;12,00;22,00;1,00;0,25;1,00;1,00;1,00;21,00;0,12;13,00;3,00;12,00;82,00;0,18;33,00;75,00;21,00;1,50;1,88;3,50;6,39;12,79;2,66;9,33;31,33;24,66;0,00;0,00;0,00;0,97;2,18;1,09;8,71;1,24;10,84;119,08
23,00;0,63;5,00;0,00;0,00;93,00;0,57;33,00;43,00;81,00;11,00;0,96;7,00;5,00;10,00;49,00;0,22;25,00;2,00;42,00;55,00;0,14;21,00;46,00;30,00;20,00;0,54;6,00;20,00;11,00;11,39;14,56;14,56;34,36;28,63;6,87;3,85;5,77;0,96;5,22;10,23;1,52;4,66;1,23;3,43;7,58;0,00;4,87;159,71
12,00;0,20;8,00;10,00;5,00;11,00;0,49;3,00;0,00;2,00;60,00;0,01;0,00;9,00;21,00;45,00;0,42;24,00;36,00;23,00;62,00;0,26;21,00;16,00;4,00;36,00;0,67;17,00;15,00;21,00;0,81;0,40;1,41;3,96;5,44;4,45;0,42;0,36;0,28;8,88;3,80;9,30;10,54;11,83;14,91;12,78;14,13;10,09;113,79
67,00;0,71;27,00;13,00;43,00;76,00;0,39;28,00;61,00;27,00;75,00;0,41;68,00;41,00;45,00;86,00;0,56;47,00;43,00;13,00;3,00;0,78;0,00;3,00;1,00;92,00;0,53;22,00;67,00;50,00;28,45;38,41;17,07;18,95;5,92;19,35;2,84;13,78;12,16;21,80;24,03;40,80;2,33;0,00;1,56;37,34;13,33;22,40;320,52
36,00;0,87;10,00;3,00;34,00;91,00;0,73;74,00;90,00;84,00;10,00;0,43;5,00;10,00;0,00;47,00;0,57;5,00;17,00;4,00;5,00;0,55;2,00;3,00;1,00;52,00;0,96;28,00;28,00;52,00;22,61;28,70;1,74;12,41;0,73;5,11;2,14;0,00;4,29;24,13;17,24;24,70;1,64;1,09;2,19;22,94;22,94;0,00;194,60
81,00;0,88;40,00;64,00;29,00;84,00;0,90;78,00;49,00;66,00;51,00;0,80;22,00;1,00;27,00;88,00;0,62;42,00;14,00;19,00;76,00;0,31;37,00;37,00;63,00;11,00;0,92;10,00;10,00;6,00;36,09;14,97;45,78;5,42;31,61;16,25;23,30;40,16;19,28;28,42;45,71;42,62;12,25;12,25;4,08;0,92;0,92;4,62;384,66
57,00;0,10;50,00;54,00;23,00;93,00;0,23;76,00;77,00;77,00;87,00;0,04;40,00;75,00;59,00;23,00;0,57;13,00;21,00;3,00;1,00;0,50;1,00;1,00;0,00;91,00;0,12;79,00;54,00;45,00;0,69;0,30;3,35;3,87;3,65;3,65;1,87;0,48;1,11;5,72;1,14;11,43;0,00;0,00;0,50;1,47;4,54;5,64;49,39
59,00;0,34;22,00;18,00;47,00;22,00;0,20;17,00;13,00;14,00;70,00;0,08;25,00;0,00;68,00;95,00;0,56;48,00;21,00;20,00;35,00;0,12;21,00;35,00;4,00;5,00;0,82;2,00;1,00;1,00;12,61;13,97;4,09;1,01;1,83;1,62;3,70;5,75;0,16;26,55;41,81;42,37;1,73;0,00;3,82;2,46;3,29;3,29;170,05
98,00;0,68;66,00;22,00;67,00;21,00;0,02;1,00;4,00;17,00;12,00;0,64;11,00;10,00;6,00;25,00;0,00;16,00;2,00;4,00;31,00;0,97;3,00;21,00;23,00;75,00;0,85;17,00;68,00;34,00;21,83;51,84;21,14;0,50;0,42;0,10;0,64;1,29;3,87;0,04;0,11;0,10;27,07;9,67;7,73;49,10;5,93;34,71;236,07
78,00;0,21;44,00;37,00;10,00;97,00;0,64;53,00;51,00;11,00;36,00;0,07;24,00;4,00;29,00;99,00;0,03;78,00;92,00;53,00;45,00;0,57;6,00;37,00;16,00;48,00;0,14;23,00;29,00;45,00;7,13;8,60;14,26;28,20;29,48;55,12;0,90;2,40;0,52;0,71;0,24;1,56;22,24;4,56;16,53;3,43;2,61;0,41;198,90
75,00;0,05;36,00;33,00;43,00;17,00;0,66;7,00;9,00;12,00;3,00;0,35;2,00;2,00;3,00;32,00;0,33;14,00;17,00;26,00;90,00;0,20;67,00;82,00;69,00;62,00;0,52;18,00;14,00;54,00;1,76;1,89;1,44;6,58;5,27;3,29;0,35;0,35;0,00;5,98;4,98;1,99;4,65;1,62;4,25;22,88;24,96;4,16;96,41
55,00;0,86;28,00;38,00;30,00;81,00;0,53;21,00;18,00;47,00;84,00;0,48;75,00;30,00;57,00;72,00;0,56;35,00;46,00;51,00;35,00;0,35;10,00;21,00;3,00;14,00;0,48;6,00;7,00;12,00;23,30;14,67;21,57;32,10;33,70;18,19;4,28;25,71;12,85;20,85;14,65;11,84;8,79;4,92;11,25;3,87;3,39;0,97;266,91
99,00;0,98;11,00;26,00;46,00;24,00;0,11;22,00;16,00;18,00;17,00;0,79;2,00;3,00;13,00;74,00;0,72;57,00;59,00;12,00;98,00;0,07;25,00;8,00;27,00;10,00;0,75;6,00;6,00;1,00;86,21;71,51;51,92;0,23;0,91;0,69;11,79;11,00;3,14;12,32;10,87;44,92;4,92;6,07;4,79;3,02;3,02;6,79;334,11
56,00;0,95;17,00;11,00;32,00;49,00;0,67;3,00;43,00;7,00;20,00;0,59;3,00;20,00;20,00;9,00;0,42;1,00;7,00;2,00;52,00;0,89;48,00;30,00;0,00;15,00;0,76;13,00;7,00;13,00;37,03;42,72;22,79;30,98;4,04;28,29;9,98;0,00;0,00;3,39;0,85;2,96;3,57;19,64;46,42;1,52;6,06;1,52;261,76
98,00;0,43;19,00;51,00;14,00;37,00;0,82;27,00;37,00;24,00;47,00;0,18;32,00;1,00;17,00;33,00;0,58;12,00;32,00;21,00;69,00;0,70;2,00;7,00;30,00;0,00;0,15;0,00;0,00;0,00;34,31;20,41;36,48;8,23;0,00;10,70;2,70;8,27;5,39;12,19;0,58;6,97;46,80;43,31;27,24;0,00;0,00;0,00;263,59
51,00;0,77;43,00;4,00;26,00;73,00;0,83;47,00;63,00;57,00;14,00;0,04;11,00;1,00;3,00;75,00;0,01;64,00;45,00;72,00;18,00;0,35;10,00;6,00;6,00;19,00;0,41;2,00;6,00;12,00;6,17;36,25;19,28;21,50;8,27;13,23;0,12;0,52;0,44;0,16;0,45;0,04;2,81;4,21;4,21;6,94;5,31;2,86;132,77
45,00;0,16;22,00;0,00;34,00;35,00;0,42;32,00;18,00;24,00;68,00;0,40;58,00;51,00;30,00;36,00;0,37;36,00;29,00;20,00;36,00;0,70;20,00;35,00;36,00;30,00;0,01;7,00;20,00;4,00;3,59;7,03;1,72;1,27;7,22;4,67;3,96;6,72;15,03;0,00;2,59;5,92;11,21;0,70;0,00;0,34;0,15;0,39;72,52
19,00;0,06;10,00;1,00;16,00;9,00;0,13;7,00;0,00;4,00;88,00;0,23;54,00;18,00;44,00;0,00;0,61;0,00;0,00;0,00;28,00;0,44;11,00;13,00;16,00;1,00;0,09;1,00;0,00;1,00;0,54;1,08;0,18;0,26;1,18;0,65;7,90;16,27;10,23;0,00;0,00;0,00;7,48;6,60;5,28;0,00;0,09;0,00;57,75
64,00;0,16;30,00;50,00;52,00;91,00;0,57;43,00;40,00;90,00;31,00;0,89;18,00;23,00;7,00;36,00;0,77;36,00;8,00;23,00;40,00;0,10;17,00;7,00;11,00;86,00;0,96;3,00;25,00;53,00;5,51;2,27;1,94;27,29;28,99;0,57;11,52;7,09;21,27;0,00;21,46;9,96;2,39;3,43;3,01;79,28;58,27;31,52;315,78
35,00;0,85;9,00;23,00;12,00;58,00;0,88;19,00;10,00;0,00;99,00;0,51;51,00;38,00;95,00;46,00;0,53;39,00;9,00;43,00;42,00;0,03;12,00;34,00;42,00;58,00;0,16;42,00;18,00;28,00;21,99;10,15;19,45;34,29;42,21;51,00;24,51;31,15;2,04;3,68;19,44;1,58;0,87;0,23;0,00;2,52;6,30;4,72;276,13
53,00;0,39;38,00;28,00;37,00;30,00;0,87;29,00;0,00;3,00;26,00;0,04;25,00;4,00;8,00;12,00;0,07;7,00;8,00;12,00;55,00;0,21;43,00;55,00;7,00;65,00;0,47;40,00;50,00;27,00;5,82;9,70;6,21;0,87;26,13;23,51;0,04;0,86;0,70;0,34;0,27;0,00;2,53;0,00;10,12;11,71;7,02;17,79;123,62
29,00;0,63;1,00;17,00;13,00;26,00;0,18;22,00;4,00;19,00;41,00;0,49;6,00;21,00;3,00;94,00;0,24;94,00;61,00;9,00;80,00;0,40;77,00;36,00;76,00;61,00;0,35;29,00;41,00;12,00;17,64;7,56;10,08;0,72;3,99;1,27;17,30;9,88;18,78;0,00;7,77;20,01;1,19;17,44;1,59;11,29;7,06;17,29;170,87
65,00;0,16;35,00;54,00;17,00;60,00;0,34;45,00;21,00;49,00;30,00;0,14;24,00;6,00;6,00;66,00;0,90;63,00;16,00;10,00;66,00;0,68;44,00;4,00;33,00;40,00;0,14;14,00;16,00;26,00;4,91;1,80;7,86;5,07;13,18;3,72;0,84;3,36;3,36;2,69;44,79;50,16;14,93;42,07;22,39;3,64;3,36;1,96;230,10
11,00;0,27;10,00;3,00;9,00;98,00;0,23;77,00;30,00;87,00;10,00;0,95;6,00;1,00;7,00;22,00;0,75;12,00;19,00;4,00;39,00;0,44;26,00;23,00;19,00;79,00;0,98;35,00;42,00;67,00;0,27;2,15;0,54;4,75;15,38;2,49;3,81;8,57;2,86;7,52;2,25;13,53;5,67;6,97;8,72;43,08;36,23;11,75;176,53
75,00;0,64;74,00;39,00;47,00;44,00;0,49;0,00;0,00;8,00;21,00;0,57;4,00;1,00;7,00;43,00;0,54;16,00;24,00;11,00;51,00;0,36;41,00;17,00;4,00;20,00;0,19;16,00;20,00;17,00;0,64;23,17;18,02;21,43;21,43;17,53;9,69;11,40;7,98;14,50;10,21;17,19;3,58;12,17;16,82;0,77;0,00;0,58;207,13
55,00;0,19;44,00;44,00;14,00;12,00;0,45;3,00;9,00;3,00;86,00;0,70;23,00;0,00;28,00;93,00;0,63;80,00;60,00;43,00;63,00;0,61;28,00;38,00;2,00;46,00;0,44;43,00;23,00;0,00;2,05;2,05;7,65;4,02;1,34;4,02;44,09;60,19;40,59;8,15;20,69;31,35;21,25;15,18;37,04;1,31;10,02;20,04;331,05
13,00;0,76;10,00;9,00;0,00;60,00;0,45;3,00;56,00;47,00;19,00;0,38;19,00;13,00;0,00;34,00;0,07;12,00;7,00;11,00;55,00;0,69;31,00;34,00;9,00;97,00;0,07;19,00;33,00;48,00;2,27;3,02;9,83;25,61;1,80;5,84;0,00;2,25;7,13;1,46;1,79;1,52;16,54;14,47;31,70;5,74;4,71;3,60;139,28
42,00;0,88;17,00;10,00;27,00;86,00;0,18;35,00;75,00;84,00;48,00;0,77;10,00;42,00;31,00;43,00;0,89;8,00;13,00;28,00;41,00;0,57;24,00;18,00;41,00;18,00;0,88;16,00;16,00;12,00;22,10;28,29;13,26;9,20;1,98;0,36;29,21;4,61;13,07;31,00;26,57;13,28;9,72;13,15;0,00;1,77;1,77;5,31;224,64
40,00;0,06;36,00;2,00;25,00;40,00;0,01;25,00;9,00;34,00;43,00;0,17;7,00;29,00;43,00;5,00;0,01;1,00;5,00;4,00;40,00;0,07;19,00;28,00;28,00;17,00;0,86;15,00;12,00;1,00;0,24;2,24;0,88;0,10;0,20;0,04;6,09;2,37;0,00;0,04;0,00;0,01;1,43;0,82;0,82;1,73;4,31;13,81;35,11
67,00;0,38;32,00;7,00;53,00;45,00;0,07;29,00;18,00;40,00;31,00;0,37;23,00;5,00;16,00;79,00;0,23;47,00;44,00;68,00;73,00;1,00;7,00;44,00;29,00;42,00;0,76;36,00;37,00;13,00;13,25;22,71;5,30;1,09;1,83;0,34;2,93;9,51;5,49;7,31;7,99;2,51;65,77;28,90;43,85;4,59;3,82;22,16;249,33
86,00;0,05;51,00;17,00;24,00;70,00;0,71;36,00;36,00;69,00;71,00;1,00;31,00;16,00;31,00;40,00;0,38;9,00;19,00;4,00;100,00;0,09;75,00;63,00;55,00;31,00;0,17;30,00;0,00;21,00;1,61;3,17;2,85;24,16;24,16;0,71;39,83;54,77;39,83;11,87;8,04;13,79;2,29;3,38;4,11;0,17;5,36;1,73;241,84
65,00;0,19;20,00;1,00;17,00;60,00;0,61;28,00;7,00;33,00;88,00;0,64;75,00;75,00;25,00;18,00;0,58;16,00;11,00;17,00;14,00;0,69;4,00;13,00;14,00;65,00;0,38;30,00;49,00;64,00;8,75;12,45;9,34;19,46;32,23;16,42;8,34;8,34;40,40;1,16;4,06;0,58;6,90;0,69;0,00;13,38;6,12;0,38;189,00
97,00;0,90;35,00;80,00;56,00;77,00;0,36;38,00;1,00;49,00;69,00;0,58;12,00;56,00;50,00;43,00;0,91;7,00;24,00;19,00;2,00;0,16;1,00;2,00;1,00;93,00;0,81;33,00;79,00;49,00;55,78;15,29;36,89;14,04;27,36;10,08;32,81;7,48;10,94;32,93;17,38;21,95;0,16;0,00;0,16;48,75;11,38;35,75;379,12
65,00;0,63;25,00;40,00;27,00;56,00;0,06;25,00;23,00;26,00;55,00;0,76;42,00;39,00;52,00;4,00;0,33;2,00;0,00;1,00;18,00;0,17;3,00;15,00;6,00;93,00;0,11;55,00;44,00;90,00;25,00;15,63;23,75;1,86;1,98;1,80;9,91;12,19;2,29;0,65;1,31;0,98;2,58;0,52;2,07;4,10;5,29;0,32;112,25
85,00;0,55;46,00;71,00;42,00;10,00;0,11;2,00;2,00;6,00;48,00;0,15;35,00;47,00;47,00;94,00;0,42;44,00;48,00;60,00;6,00;0,71;3,00;5,00;2,00;86,00;0,90;21,00;47,00;58,00;21,55;7,74;23,76;0,91;0,91;0,46;1,96;0,15;0,15;21,12;19,43;14,36;2,13;0,71;2,85;58,31;34,99;25,12;236,59
22,00;0,48;15,00;5,00;2,00;74,00;0,39;74,00;24,00;16,00;89,00;0,93;23,00;81,00;60,00;69,00;0,31;65,00;8,00;68,00;87,00;0,75;87,00;76,00;30,00;10,00;0,08;4,00;6,00;2,00;3,33;8,09;9,52;0,00;19,27;22,35;61,49;7,45;27,02;1,23;18,73;0,31;0,00;8,20;42,50;0,46;0,31;0,62;230,87
41,00;0,88;12,00;15,00;28,00;14,00;0,61;4,00;11,00;2,00;66,00;0,19;4,00;16,00;5,00;49,00;0,08;11,00;29,00;38,00;27,00;0,94;15,00;11,00;1,00;6,00;0,72;2,00;5,00;3,00;25,56;22,92;11,46;6,08;1,82;7,29;11,89;9,59;11,70;2,96;1,56;0,86;11,24;14,98;24,35;2,87;0,72;2,16;169,99
28,00;0,73;10,00;7,00;19,00;71,00;0,28;48,00;66,00;52,00;63,00;0,45;48,00;40,00;0,00;83,00;0,62;18,00;78,00;41,00;6,00;0,13;4,00;5,00;5,00;32,00;0,51;27,00;15,00;30,00;13,22;15,43;6,61;6,34;1,38;5,23;6,68;10,24;28,06;40,49;3,11;26,16;0,27;0,13;0,13;2,54;8,62;1,01;175,67
93,00;0,24;5,00;84,00;72,00;90,00;0,72;51,00;84,00;20,00;43,00;0,95;14,00;41,00;30,00;44,00;0,88;19,00;7,00;15,00;46,00;0,99;4,00;2,00;40,00;80,00;0,05;79,00;9,00;78,00;21,30;2,18;5,08;28,20;4,34;50,62;27,46;1,89;12,31;22,08;32,68;25,61;41,37;43,34;5,91;0,05;3,50;0,10;328,02
20,00;0,49;2,00;11,00;13,00;78,00;0,25;15,00;64,00;29,00;7,00;0,95;7,00;3,00;4,00;90,00;0,37;6,00;36,00;18,00;37,00;0,43;23,00;16,00;23,00;17,00;0,09;7,00;16,00;11,00;8,77;4,39;3,41;15,46;3,44;12,02;0,00;3,82;2,86;31,33;20,14;26,86;6,03;9,04;6,03;0,91;0,09;0,54;155,14
29,00;0,86;25,00;27,00;16,00;39,00;0,99;39,00;19,00;20,00;13,00;0,73;6,00;7,00;11,00;21,00;0,25;5,00;20,00;2,00;37,00;0,15;4,00;27,00;23,00;7,00;0,02;2,00;2,00;0,00;3,43;1,71;11,14;0,00;19,87;18,87;5,10;4,37;1,46;4,01;0,25;4,77;4,79;1,45;2,03;0,10;0,10;0,14;83,61
22,00;0,01;16,00;17,00;19,00;74,00;0,07;3,00;8,00;43,00;82,00;0,63;41,00;20,00;44,00;27,00;0,08;24,00;1,00;20,00;78,00;0,41;61,00;15,00;1,00;83,00;0,60;70,00;80,00;65,00;0,08;0,07;0,04;4,82;4,48;2,10;25,73;38,91;23,85;0,23;2,00;0,54;6,90;25,58;31,27;7,82;1,80;10,83;187,06
18,00;0,67;15,00;14,00;9,00;0,00;0,16;0,00;0,00;0,00;65,00;0,59;13,00;9,00;27,00;41,00;0,76;30,00;24,00;23,00;19,00;0,93;8,00;5,00;17,00;91,00;0,85;80,00;38,00;0,00;2,01;2,68;6,03;0,00;0,00;0,00;30,92;33,30;22,59;8,32;12,85;13,61;10,18;12,95;1,85;9,40;45,31;77,79;289,80
8,00;0,06;4,00;7,00;5,00;34,00;0,15;15,00;15,00;26,00;3,00;0,88;1,00;3,00;0,00;88,00;0,24;57,00;80,00;37,00;98,00;0,40;92,00;58,00;42,00;90,00;0,72;63,00;47,00;71,00;0,24;0,06;0,18;2,88;2,88;1,21;1,76;0,00;2,64;7,34;1,89;12,07;2,38;15,84;22,17;19,32;30,76;13,59;137,23
24,00;0,59;18,00;24,00;1,00;15,00;0,81;2,00;10,00;14,00;97,00;0,46;4,00;34,00;82,00;55,00;0,68;38,00;2,00;7,00;49,00;0,20;1,00;34,00;6,00;67,00;0,14;2,00;39,00;54,00;3,54;0,00;13,58;10,51;4,04;0,81;42,97;29,11;6,93;11,49;35,83;32,45;9,56;2,99;8,57;8,84;3,81;1,77;226,80
3,00;0,61;3,00;3,00;0,00;1,00;0,22;1,00;1,00;0,00;19,00;0,31;5,00;7,00;15,00;98,00;0,27;49,00;92,00;67,00;13,00;0,65;9,00;8,00;2,00;69,00;0,25;66,00;23,00;61,00;0,00;0,00;1,83;0,00;0,00;0,22;4,32;3,70;1,23;12,99;1,59;8,22;2,60;3,25;7,14;0,74;11,39;1,98;61,20
30,00;0,37;26,00;11,00;29,00;55,00;0,57;43,00;41,00;22,00;2,00;0,05;2,00;1,00;0,00;84,00;0,25;53,00;5,00;24,00;91,00;0,65;15,00;65,00;26,00;76,00;0,68;23,00;32,00;57,00;1,46;6,94;0,37;6,84;7,98;18,81;0,00;0,05;0,10;7,67;19,55;14,85;49,23;16,84;42,10;36,16;30,02;12,96;271,93
50,00;0,90;48,00;29,00;24,00;15,00;0,83;8,00;15,00;7,00;96,00;0,79;53,00;74,00;57,00;58,00;0,69;19,00;52,00;35,00;49,00;0,47;39,00;44,00;39,00;38,00;0,08;8,00;3,00;29,00;1,81;18,97;23,49;5,81;0,00;6,64;34,09;17,44;30,92;26,90;4,14;15,87;4,73;2,37;4,73;2,37;2,76;0,71;203,76
67,00;0,48;34,00;67,00;63,00;23,00;0,03;21,00;21,00;18,00;20,00;0,07;14,00;16,00;1,00;59,00;0,42;29,00;19,00;30,00;88,00;0,58;61,00;68,00;85,00;15,00;0,89;12,00;14,00;8,00;15,93;0,00;1,93;0,07;0,07;0,17;0,44;0,29;1,39;12,50;16,67;12,09;15,63;11,57;1,74;2,67;0,89;6,24;100,30
59,00;0,89;39,00;0,00;34,00;20,00;0,06;5,00;8,00;2,00;22,00;0,08;0,00;6,00;17,00;73,00;0,68;30,00;30,00;20,00;39,00;0,10;16,00;21,00;12,00;94,00;0,80;36,00;11,00;41,00;17,88;52,75;22,35;0,86;0,69;1,04;1,78;1,29;0,40;29,20;29,20;35,99;2,19;1,71;2,57;46,25;66,18;42,26;354,58
37,00;0,46;18,00;17,00;11,00;99,00;0,98;40,00;75,00;44,00;24,00;0,16;10,00;23,00;24,00;32,00;0,91;23,00;26,00;17,00;60,00;0,96;34,00;7,00;56,00;47,00;0,18;11,00;37,00;5,00;8,65;9,11;11,84;58,02;23,60;54,09;2,24;0,16;0,00;8,16;5,44;13,61;25,01;50,98;3,85;6,37;1,77;7,44;290,34
10,00;0,81;0,00;7,00;5,00;35,00;0,97;22,00;7,00;3,00;90,00;0,65;22,00;73,00;41,00;29,00;0,29;8,00;15,00;19,00;64,00;0,32;11,00;34,00;25,00;98,00;0,73;69,00;74,00;48,00;8,12;2,44;4,06;12,58;27,09;30,96;44,36;11,09;31,97;6,12;4,08;2,91;17,20;9,74;12,66;21,26;17,60;36,66;300,88
24,00;0,33;5,00;10,00;13,00;86,00;0,94;7,00;23,00;43,00;79,00;0,14;67,00;65,00;67,00;44,00;0,83;35,00;34,00;4,00;55,00;0,73;20,00;10,00;45,00;96,00;0,71;95,00;61,00;57,00;6,29;4,64;3,64;74,59;59,49;40,60;1,70;1,98;1,70;7,49;8,32;33,27;25,48;32,76;7,28;0,71;24,95;27,81;362,70
46,00;0,93;36,00;14,00;0,00;74,00;0,90;18,00;50,00;18,00;95,00;0,71;50,00;28,00;29,00;8,00;0,76;4,00;4,00;7,00;69,00;0,20;3,00;32,00;10,00;96,00;0,52;75,00;23,00;16,00;9,29;29,74;42,75;50,44;21,62;50,44;32,12;47,82;47,11;3,04;3,04;0,76;13,41;7,51;11,98;10,94;38,02;41,66;461,71
94,00;0,50;21,00;92,00;19,00;14,00;0,85;8,00;11,00;14,00;17,00;0,40;17,00;15,00;9,00;36,00;0,44;25,00;20,00;3,00;16,00;0,36;9,00;9,00;6,00;85,00;0,22;40,00;61,00;8,00;36,44;1,00;37,44;5,12;2,56;0,00;0,00;0,79;3,17;4,83;7,02;14,48;2,52;2,52;3,61;9,83;5,24;16,81;153,39
60,00;0,84;58,00;25,00;3,00;28,00;0,18;26,00;23,00;4,00;52,00;0,39;45,00;51,00;33,00;34,00;0,85;6,00;10,00;2,00;33,00;0,01;28,00;8,00;30,00;38,00;0,63;29,00;14,00;2,00;1,68;29,42;47,91;0,36;0,89;4,27;2,70;0,39;7,32;23,68;20,30;27,06;0,03;0,16;0,02;5,63;15,02;22,52;209,36
15,00;0,52;13,00;15,00;6,00;89,00;0,02;14,00;39,00;40,00;55,00;0,97;20,00;34,00;3,00;8,00;0,53;8,00;3,00;4,00;93,00;0,62;42,00;67,00;17,00;68,00;0,96;54,00;60,00;45,00;1,05;0,00;4,72;1,49;1,00;0,98;34,02;20,41;50,54;0,00;2,63;2,10;31,73;16,18;47,29;13,48;7,70;22,15;257,46
47,00;0,48;27,00;45,00;32,00;52,00;0,32;48,00;29,00;42,00;97,00;0,24;60,00;62,00;22,00;8,00;0,67;5,00;4,00;0,00;53,00;0,31;3,00;47,00;53,00;78,00;0,87;63,00;69,00;1,00;9,56;0,96;7,17;1,28;7,34;3,19;9,03;8,55;18,31;2,01;2,68;5,36;15,57;1,87;0,00;13,09;7,85;67,19;181,00
42,00;0,85;30,00;36,00;11,00;37,00;0,55;14,00;3,00;19,00;67,00;0,32;37,00;14,00;60,00;74,00;0,02;28,00;11,00;31,00;9,00;0,46;2,00;7,00;3,00;91,00;0,65;6,00;13,00;49,00;10,15;5,07;26,21;12,68;18,75;9,93;9,65;17,05;2,25;0,99;1,35;0,92;3,20;0,91;2,74;55,36;50,80;27,35;255,38
37,00;0,62;30,00;10,00;21,00;88,00;0,84;41,00;29,00;0,00;12,00;0,91;10,00;7,00;6,00;24,00;0,11;5,00;1,00;9,00;13,00;0,05;0,00;6,00;0,00;66,00;0,32;60,00;21,00;54,00;4,33;16,68;9,89;39,67;49,79;74,27;1,81;4,53;5,44;2,03;2,46;1,60;0,69;0,37;0,69;1,91;14,29;3,81;234,26
50,00;0,62;0,00;12,00;15,00;20,00;0,10;13,00;4,00;8,00;86,00;0,08;58,00;10,00;48,00;43,00;0,40;7,00;6,00;9,00;65,00;0,96;26,00;60,00;32,00;55,00;0,20;39,00;52,00;4,00;30,91;23,49;21,64;0,71;1,62;1,21;2,26;6,12;3,06;14,57;14,97;13,76;37,33;4,79;31,59;3,25;0,61;10,35;222,23
13,00;0,15;5,00;4,00;6,00;65,00;0,52;39,00;51,00;51,00;19,00;0,20;17,00;15,00;18,00;80,00;0,83;24,00;44,00;7,00;80,00;0,37;31,00;2,00;25,00;3,00;0,28;3,00;1,00;1,00;1,22;1,37;1,07;13,52;7,28;7,28;0,41;0,81;0,20;46,34;29,79;60,41;18,32;29,16;20,56;0,00;0,57;0,57;238,87
53,00;0,07;1,00;46,00;53,00;48,00;0,59;14,00;21,00;0,00;74,00;0,29;65,00;70,00;19,00;99,00;0,53;33,00;84,00;91,00;59,00;0,46;1,00;59,00;44,00;44,00;0,16;25,00;28,00;35,00;3,57;0,48;0,00;20,18;16,03;28,49;2,60;1,16;15,90;35,11;7,98;4,26;26,93;0,00;6,96;3,06;2,58;1,45;176,75
66,00;0,61;60,00;59,00;7,00;52,00;0,75;4,00;39,00;38,00;52,00;0,09;33,00;10,00;31,00;30,00;0,56;27,00;3,00;22,00;76,00;0,45;53,00;37,00;27,00;23,00;0,42;21,00;21,00;18,00;3,65;4,26;35,89;35,95;9,74;10,48;1,75;3,87;1,93;1,68;15,12;4,48;10,25;17,38;21,83;0,84;0,84;2,11;182,06
38,00;0,69;9,00;9,00;25,00;18,00;0,54;18,00;18,00;4,00;47,00;0,31;19,00;44,00;6,00;42,00;0,15;17,00;26,00;25,00;58,00;0,82;48,00;38,00;41,00;80,00;0,93;56,00;45,00;27,00;19,98;19,98;8,96;0,00;0,00;7,52;8,81;0,94;12,90;3,71;2,37;2,52;8,21;16,41;13,95;22,24;32,43;49,11;230,02
92,00;0,65;24,00;81,00;51,00;69,00;0,96;49,00;35,00;64,00;68,00;0,62;56,00;25,00;57,00;71,00;0,85;69,00;25,00;19,00;67,00;0,38;0,00;33,00;8,00;42,00;0,12;23,00;38,00;11,00;44,50;7,20;26,83;19,23;32,68;4,81;7,42;26,59;6,80;1,70;39,02;44,11;25,59;12,99;22,54;2,19;0,46;3,57;328,22
19,00;0,09;8,00;17,00;15,00;72,00;0,64;26,00;62,00;64,00;83,00;0,68;63,00;30,00;28,00;51,00;0,18;31,00;16,00;19,00;80,00;0,63;75,00;15,00;9,00;53,00;0,49;47,00;37,00;30,00;0,99;0,18;0,36;29,44;6,40;5,12;13,50;35,78;37,13;3,66;6,40;5,85;3,16;41,07;44,87;2,91;7,77;11,16;255,75
32,00;0,94;7,00;18,00;13,00;66,00;0,49;30,00;16,00;48,00;4,00;0,40;0,00;3,00;0,00;61,00;0,75;37,00;19,00;12,00;84,00;0,50;78,00;58,00;39,00;43,00;0,94;15,00;38,00;30,00;23,41;13,11;17,79;17,66;24,52;8,83;1,59;0,40;1,59;17,88;31,29;36,51;3,00;13,02;22,53;26,19;4,68;12,16;276,14
88,00;0,71;10,00;52,00;23,00;85,00;0,79;66,00;68,00;14,00;8,00;0,99;7,00;8,00;2,00;66,00;0,76;46,00;16,00;54,00;18,00;0,49;4,00;3,00;1,00;96,00;0,35;96,00;79,00;8,00;55,50;25,62;46,25;15,02;13,44;56,13;0,99;0,00;5,97;15,29;38,23;9,17;6,81;7,30;8,27;0,00;5,94;30,76;340,70
25,00;0,35;0,00;24,00;0,00;18,00;0,33;9,00;17,00;10,00;53,00;0,18;38,00;22,00;25,00;0,00;0,34;0,00;0,00;0,00;67,00;0,70;25,00;54,00;38,00;86,00;0,89;4,00;9,00;23,00;8,67;0,35;8,67;2,94;0,33;2,61;2,73;5,64;5,10;0,00;0,00;0,00;29,58;9,15;20,42;73,00;68,55;56,09;293,83
63,00;0,08;19,00;14,00;21,00;9,00;0,30;5,00;5,00;2,00;67,00;0,20;60,00;62,00;20,00;95,00;0,71;42,00;67,00;29,00;59,00;0,52;8,00;33,00;22,00;58,00;0,29;5,00;55,00;29,00;3,43;3,82;3,27;1,21;1,21;2,12;1,43;1,02;9,58;37,52;19,82;46,72;26,48;13,50;19,21;15,47;0,88;8,47;215,15
72,00;0,21;39,00;11,00;20,00;96,00;0,41;87,00;20,00;31,00;35,00;0,09;15,00;27,00;8,00;64,00;0,58;22,00;15,00;31,00;36,00;0,13;30,00;26,00;19,00;37,00;0,76;10,00;0,00;22,00;6,92;12,80;10,91;3,73;31,47;26,92;1,85;0,74;2,49;24,36;28,42;19,14;0,77;1,28;2,17;20,47;28,05;11,37;233,85
21,00;0,69;0,00;21,00;3,00;46,00;0,65;2,00;38,00;2,00;50,00;0,53;18,00;11,00;44,00;53,00;0,70;5,00;22,00;50,00;11,00;0,21;7,00;2,00;9,00;0,00;0,40;0,00;0,00;0,00;14,41;0,00;12,35;28,53;5,19;28,53;16,97;20,68;3,18;33,65;21,73;2,10;0,84;1,89;0,42;0,00;0,00;0,00;190,48
43,00;0,41;38,00;31,00;15,00;40,00;0,31;37,00;35,00;8,00;38,00;0,24;15,00;35,00;35,00;93,00;0,69;51,00;70,00;49,00;93,00;0,54;82,00;88,00;6,00;39,00;0,10;15,00;9,00;9,00;2,04;4,89;11,41;0,94;1,57;10,04;5,48;0,71;0,71;28,81;15,78;30,18;5,97;2,71;47,20;2,42;3,03;3,03;176,93
76,00;0,26;41,00;71,00;23,00;71,00;0,25;14,00;18,00;63,00;79,00;0,07;19,00;14,00;17,00;94,00;0,90;63,00;1,00;40,00;92,00;0,68;76,00;40,00;13,00;28,00;0,85;4,00;0,00;24,00;9,19;1,31;13,91;14,43;13,42;2,02;3,99;4,32;4,12;27,91;83,73;48,62;10,94;35,55;54,01;20,52;23,94;3,42;375,34
82,00;0,34;77,00;61,00;77,00;93,00;0,18;53,00;27,00;41,00;92,00;0,30;46,00;22,00;32,00;23,00;0,20;3,00;13,00;19,00;32,00;0,35;3,00;21,00;11,00;90,00;0,80;69,00;72,00;50,00;1,68;7,07;1,68;7,15;11,79;9,29;13,66;20,79;17,82;4,06;2,03;0,81;10,19;3,86;7,38;16,89;14,48;32,18;182,81
57,00;0,71;28,00;40,00;19,00;33,00;0,12;28,00;12,00;12,00;79,00;0,51;37,00;78,00;31,00;41,00;0,29;9,00;6,00;18,00;87,00;0,96;60,00;75,00;38,00;68,00;0,90;54,00;60,00;44,00;20,70;12,13;27,12;0,62;2,59;2,59;21,47;0,51;24,54;9,19;10,05;6,60;26,00;11,56;47,19;12,61;7,20;21,61;264,30
7,00;0,68;3,00;7,00;6,00;23,00;0,65;22,00;17,00;20,00;54,00;0,56;32,00;1,00;32,00;20,00;0,35;19,00;0,00;1,00;17,00;0,27;5,00;9,00;2,00;90,00;0,81;0,00;51,00;35,00;2,72;0,00;0,68;0,65;3,93;1,96;12,28;29,58;12,28;0,35;6,91;6,56;3,28;2,18;4,10;72,99;31,63;44,60;236,67
19,00;0,43;11,00;17,00;12,00;69,00;0,30;9,00;12,00;3,00;51,00;0,44;2,00;31,00;30,00;30,00;0,15;9,00;12,00;10,00;70,00;0,22;39,00;30,00;43,00;55,00;0,83;47,00;14,00;45,00;3,47;0,87;3,04;18,14;17,24;19,96;21,45;8,75;9,19;3,11;2,67;2,96;6,83;8,82;5,95;6,66;34,11;8,32;181,53
30,00;0,64;14,00;2,00;25,00;1,00;0,61;0,00;0,00;1,00;90,00;0,48;1,00;39,00;86,00;48,00;0,84;37,00;29,00;5,00;85,00;0,65;59,00;21,00;39,00;96,00;0,36;20,00;52,00;31,00;10,19;17,84;3,19;0,61;0,61;0,00;42,34;24,26;1,90;9,25;15,98;36,17;16,80;41,35;29,72;27,68;16,03;23,68;317,59
31,00;0,35;2,00;3,00;12,00;20,00;0,78;19,00;19,00;18,00;25,00;0,03;11,00;16,00;10,00;33,00;0,38;29,00;12,00;32,00;4,00;0,99;4,00;1,00;3,00;38,00;0,67;7,00;4,00;15,00;10,04;9,69;6,58;0,78;0,78;1,56;0,46;0,29;0,49;1,52;7,96;0,38;0,00;2,98;0,99;20,73;22,74;15,38;103,35
87,00;0,38;66,00;31,00;56,00;75,00;0,85;31,00;61,00;10,00;52,00;0,30;46,00;45,00;10,00;63,00;0,26;21,00;2,00;9,00;73,00;0,98;1,00;26,00;31,00;43,00;0,07;27,00;13,00;4,00;8,05;21,47;11,89;37,29;11,86;55,08;1,81;2,11;12,64;10,90;15,83;14,01;70,73;46,17;41,26;1,11;2,09;2,72;367,01
8,00;0,15;4,00;2,00;8,00;91,00;0,42;76,00;86,00;32,00;39,00;0,63;38,00;18,00;1,00;88,00;0,72;28,00;45,00;53,00;41,00;0,58;8,00;7,00;39,00;25,00;0,98;12,00;19,00;4,00;0,59;0,88;0,00;6,27;2,09;24,65;0,63;13,30;24,07;43,24;30,99;25,22;19,26;19,85;1,17;12,80;5,91;20,68;251,59
80,00;0,42;55,00;23,00;73,00;98,00;0,79;43,00;2,00;44,00;24,00;0,27;0,00;14,00;13,00;96,00;0,96;30,00;66,00;2,00;68,00;0,52;30,00;66,00;55,00;67,00;0,81;9,00;13,00;7,00;10,62;24,22;2,97;43,51;75,94;42,72;6,37;2,66;2,92;63,58;28,90;90,55;19,81;1,04;6,78;46,84;43,61;48,46;561,52
27,00;0,11;9,00;23,00;12,00;64,00;0,95;19,00;57,00;9,00;92,00;0,88;84,00;57,00;59,00;79,00;0,07;11,00;12,00;32,00;21,00;0,70;18,00;16,00;5,00;43,00;0,92;3,00;32,00;40,00;1,99;0,44;1,66;42,55;6,62;52,01;7,01;30,68;28,93;5,07;4,99;3,50;2,09;3,49;11,16;36,77;10,11;2,76;251,83
29,00;0,22;20,00;21,00;7,00;81,00;0,12;13,00;71,00;73,00;99,00;0,37;4,00;70,00;14,00;49,00;0,53;15,00;12,00;6,00;67,00;0,23;13,00;32,00;30,00;97,00;0,13;21,00;52,00;29,00;1,96;1,74;4,78;8,36;1,23;0,98;35,33;10,78;31,61;18,00;19,59;22,77;12,22;7,92;8,38;9,65;5,71;8,63;209,65
65,00;0,86;45,00;15,00;18,00;80,00;0,97;67,00;22,00;4,00;39,00;0,80;2,00;33,00;30,00;83,00;0,27;14,00;63,00;28,00;15,00;0,52;8,00;1,00;12,00;76,00;0,84;57,00;37,00;58,00;17,24;43,09;40,51;12,55;55,98;73,35;29,44;4,77;7,16;18,51;5,36;14,75;3,65;7,30;1,57;15,97;32,78;15,13;399,10
6,00;0,74;1,00;2,00;3,00;78,00;0,45;69,00;48,00;28,00;39,00;0,25;39,00;5,00;16,00;55,00;0,25;3,00;34,00;17,00;52,00;0,78;37,00;26,00;22,00;68,00;0,70;39,00;5,00;22,00;3,72;2,97;2,23;4,05;13,49;22,48;0,00;8,48;5,74;13,23;5,34;9,67;11,72;20,31;23,44;20,33;44,16;32,25;243,59
74,00;0,67;72,00;59,00;30,00;7,00;0,37;1,00;0,00;7,00;55,00;0,08;23,00;1,00;49,00;40,00;0,82;24,00;6,00;26,00;36,00;0,08;21,00;16,00;23,00;12,00;0,96;10,00;7,00;8,00;1,34;10,06;29,52;2,24;2,61;0,00;2,64;4,45;0,49;13,16;27,97;11,52;1,27;1,69;1,10;1,93;4,82;3,85;120,66
44,00;0,30;37,00;16,00;6,00;81,00;0,61;2,00;9,00;27,00;54,00;0,69;53,00;11,00;9,00;55,00;0,26;9,00;16,00;11,00;99,00;0,98;11,00;38,00;49,00;81,00;0,79;38,00;15,00;81,00;2,13;8,52;11,56;48,10;43,84;32,88;0,69;29,48;30,85;12,19;10,33;11,66;86,50;59,96;49,15;34,16;52,43;0,00;524,43
100,00;1,00;96,00;61,00;3,00;17,00;0,18;11,00;7,00;14,00;34,00;0,39;16,00;25,00;18,00;44,00;0,60;20,00;14,00;5,00;93,00;0,99;34,00;26,00;90,00;84,00;0,33;33,00;75,00;68,00;3,99;38,94;96,85;1,06;1,76;0,53;7,10;3,55;6,31;14,32;17,90;23,27;58,50;66,43;2,97;16,71;2,95;5,24;368,40
44,00;0,58;39,00;43,00;43,00;81,00;0,07;69,00;48,00;4,00;81,00;0,88;0,00;49,00;59,00;24,00;0,85;3,00;7,00;5,00;88,00;0,27;75,00;60,00;1,00;64,00;0,84;42,00;43,00;43,00;2,92;0,58;0,58;0,83;2,28;5,31;71,52;28,26;19,43;17,87;14,47;16,17;3,45;7,42;23,06;18,38;17,54;17,54;267,60
37,00;0,42;20,00;37,00;27,00;55,00;0,57;51,00;4,00;36,00;47,00;0,35;25,00;12,00;1,00;71,00;0,84;71,00;50,00;50,00;7,00;0,85;4,00;5,00;1,00;40,00;0,24;16,00;23,00;0,00;7,06;0,00;4,16;2,29;29,25;10,90;7,77;12,36;16,25;0,00;17,71;17,71;2,55;1,70;5,11;5,75;4,08;9,59;154,24
27,00;0,94;15,00;9,00;13,00;69,00;0,10;23,00;44,00;37,00;5,00;0,09;3,00;4,00;0,00;12,00;0,97;6,00;12,00;8,00;51,00;0,35;9,00;15,00;26,00;98,00;0,35;53,00;63,00;47,00;11,32;16,98;13,20;4,74;2,57;3,29;0,17;0,09;0,44;5,79;0,00;3,86;14,57;12,48;8,67;15,54;12,09;17,61;143,41
42,00;0,24;35,00;16,00;6,00;42,00;0,56;28,00;34,00;34,00;70,00;0,51;27,00;5,00;61,00;9,00;0,52;3,00;6,00;2,00;65,00;0,75;44,00;59,00;4,00;85,00;0,04;64,00;25,00;30,00;1,71;6,36;8,80;7,85;4,48;4,48;22,08;33,38;4,62;3,14;1,57;3,66;15,69;4,48;45,57;0,92;2,64;2,42;173,85
68,00;0,16;32,00;56,00;26,00;19,00;0,60;4,00;3,00;14,00;72,00;0,70;10,00;29,00;15,00;66,00;0,36;13,00;30,00;2,00;80,00;0,46;18,00;41,00;70,00;16,00;0,29;10,00;2,00;7,00;5,66;1,89;6,61;8,93;9,53;2,98;43,66;30,28;40,14;19,02;12,92;22,96;28,42;17,88;4,58;1,74;4,07;2,61;263,88
40,00;0,37;39,00;39,00;15,00;22,00;0,01;12,00;13,00;10,00;63,00;0,24;21,00;40,00;48,00;14,00;0,72;4,00;8,00;1,00;24,00;0,35;23,00;12,00;16,00;64,00;0,44;31,00;52,00;62,00;0,37;0,37;9,26;0,10;0,09;0,12;9,94;5,44;3,55;7,22;4,33;9,39;0,35;4,26;2,84;14,60;5,31;0,88;78,43
47,00;0,78;18,00;35,00;0,00;49,00;0,18;13,00;6,00;12,00;10,00;0,26;3,00;4,00;2,00;66,00;0,25;1,00;18,00;64,00;17,00;0,24;10,00;9,00;13,00;90,00;0,99;40,00;82,00;3,00;22,55;9,33;36,54;6,55;7,82;6,73;1,80;1,55;2,06;16,21;11,97;0,50;1,65;1,89;0,94;49,63;7,94;86,36;272,03
97,00;0,09;96,00;12,00;12,00;9,00;0,50;4,00;9,00;4,00;94,00;0,87;48,00;3,00;40,00;98,00;0,81;36,00;43,00;16,00;23,00;0,58;1,00;0,00;22,00;1,00;0,28;0,00;1,00;0,00;0,09;7,39;7,39;2,48;0,00;2,48;39,94;79,01;46,89;50,45;44,76;66,73;12,68;13,25;0,58;0,28;0,00;0,28;374,65
32,00;0,48;23,00;18,00;13,00;19,00;0,22;18,00;1,00;3,00;4,00;0,55;4,00;3,00;0,00;7,00;0,33;6,00;2,00;5,00;65,00;0,05;58,00;52,00;7,00;64,00;0,18;7,00;14,00;59,00;4,33;6,73;9,13;0,22;3,96;3,52;0,00;0,55;2,19;0,33;1,66;0,67;0,32;0,60;2,66;10,27;9,01;0,90;57,06
38,00;0,22;35,00;29,00;22,00;76,00;0,48;75,00;10,00;8,00;91,00;0,88;69,00;59,00;53,00;2,00;0,19;2,00;1,00;0,00;13,00;0,44;0,00;11,00;3,00;2,00;0,85;0,00;0,00;1,00;0,67;2,02;3,59;0,48;31,67;32,63;19,40;28,22;33,52;0,00;0,19;0,38;5,70;0,88;4,39;1,70;1,70;0,85;168,01
23,00;0,86;23,00;5,00;21,00;10,00;0,17;4,00;0,00;3,00;77,00;0,04;31,00;49,00;10,00;15,00;0,25;10,00;9,00;0,00;73,00;0,50;33,00;69,00;49,00;49,00;0,55;13,00;12,00;11,00;0,00;15,41;1,71;1,00;1,67;1,17;1,75;1,07;2,55;1,24;1,49;3,72;20,11;2,01;12,06;19,65;20,20;20,75;127,57
21,00;0,37;1,00;18,00;9,00;88,00;0,08;88,00;27,00;10,00;76,00;0,84;57,00;63,00;9,00;7,00;0,61;7,00;5,00;2,00;41,00;0,56;12,00;10,00;22,00;40,00;0,17;13,00;19,00;20,00;7,32;1,10;4,39;0,00;5,18;6,63;15,94;10,91;56,22;0,00;1,23;3,07;16,37;17,50;10,73;4,54;3,53;3,37;168,02
28,00;0,86;4,00;22,00;13,00;13,00;0,77;3,00;10,00;3,00;83,00;0,78;24,00;63,00;63,00;98,00;0,69;0,00;49,00;3,00;40,00;0,67;14,00;2,00;40,00;15,00;0,21;14,00;3,00;6,00;20,71;5,18;12,94;7,71;2,31;7,71;46,26;15,68;15,68;67,58;33,79;65,51;17,55;25,64;0,00;0,21;2,56;1,92;348,97
72,00;0,65;65,00;50,00;54,00;11,00;0,44;11,00;5,00;11,00;86,00;0,83;14,00;25,00;29,00;64,00;0,36;41,00;1,00;29,00;93,00;0,04;53,00;46,00;83,00;46,00;0,34;35,00;31,00;24,00;4,57;14,37;11,76;0,00;2,62;0,00;59,81;50,67;47,35;8,23;22,56;12,53;1,66;1,95;0,42;3,72;5,07;7,43;254,73
62,00;0,04;58,00;45,00;8,00;4,00;0,64;3,00;2,00;4,00;44,00;0,41;39,00;18,00;15,00;65,00;0,27;31,00;7,00;54,00;1,00;0,02;1,00;0,00;1,00;79,00;0,14;34,00;38,00;3,00;0,16;0,68;2,16;0,64;1,28;0,00;2,06;10,69;11,92;9,28;15,84;3,00;0,00;0,02;0,00;6,08;5,54;10,26;79,59
84,00;0,75;18,00;68,00;52,00;76,00;0,67;26,00;4,00;42,00;34,00;0,44;27,00;29,00;23,00;34,00;0,28;30,00;8,00;21,00;24,00;0,56;20,00;17,00;20,00;80,00;0,99;68,00;48,00;15,00;49,54;12,01;24,02;33,49;48,22;22,77;3,08;2,20;4,84;1,11;7,20;3,60;2,23;3,91;2,23;11,93;31,81;64,61;328,82
94,00;0,05;8,00;50,00;13,00;29,00;0,08;27,00;21,00;7,00;71,00;0,98;64,00;19,00;21,00;2,00;0,77;0,00;0,00;1,00;97,00;0,20;38,00;23,00;78,00;79,00;0,50;70,00;72,00;71,00;3,98;2,04;3,75;0,16;0,64;1,76;6,85;50,85;48,90;1,55;1,55;0,77;11,93;14,96;3,84;4,54;3,53;4,04;165,62
27,00;0,62;24,00;21,00;12,00;62,00;0,09;50,00;47,00;21,00;81,00;0,64;23,00;61,00;33,00;43,00;0,73;40,00;4,00;4,00;95,00;0,21;30,00;61,00;89,00;68,00;0,99;63,00;9,00;44,00;1,85;3,70;9,26;1,05;1,32;3,60;37,01;12,76;30,63;2,18;28,39;28,39;13,55;7,09;1,25;4,94;58,24;23,69;268,93
80,00;0,55;35,00;46,00;34,00;29,00;0,74;0,00;16,00;18,00;10,00;0,62;5,00;0,00;2,00;23,00;0,26;8,00;9,00;17,00;48,00;0,23;41,00;30,00;37,00;51,00;0,16;10,00;0,00;31,00;24,72;18,68;25,27;21,56;9,66;8,18;3,12;6,24;4,99;3,97;3,70;1,59;1,61;4,15;2,54;6,43;8,00;3,14;157,54
